step,abs_x,loss,v,g_sq,coupling_ratio
1.0,0.999,0.24900149900025,1.0,1.0,1.0
2.0,0.998000090221357,0.248006081685123,0.9995810486010496,0.994014980014994,1.0055995821974149
3.0,0.9970003459949995,0.24701381591080557,0.9987746015313241,0.9880603761763999,1.0108436949940107
4.0,0.9960008296789494,0.24602475582759784,0.9976099348603743,0.9821365062320419,1.01575486557128
5.0,0.9950015923441814,0.24503894373826085,0.996114291640617,0.9762436031495563,1.0203542316968368
6.0,0.9940026752572028,0.2440564117255301,0.9943130191146264,0.9703818269836088,1.0246616243890374
7.0,0.9930041111840223,0.24307718307734089,0.9922296970433396,0.9645512752391008,1.0286956458560252
8.0,0.9920059255369971,0.24210127353460725,0.9898862576846245,0.9587519919188376,1.0324737429785935
9.0,0.9910081373833203,0.24112869238321885,0.987303097926069,0.9529839754195452,1.0360122765877726
10.0,0.990010760331566,0.2401594434091803,0.9844991840505743,0.9472471854190034,1.0393265867716386
100.0,0.9011016973023929,0.16482961322765585,0.5894902219456908,0.5388766289532692,1.093924268140437
200.0,0.8027123214393673,0.1037957869735343,0.2981474295155772,0.2694934552619646,1.1063253065858654
300.0,0.7045483542460287,0.0616003568111854,0.13841826135721827,0.12333547377718433,1.1222907499206776
400.0,0.6066806106391575,0.03386729179325661,0.057584072908751345,0.05034463383986489,1.1437976307845141
500.0,0.5092201677999126,0.016809794002195566,0.020709658717371487,0.017636121094944387,1.174275148479683
600.0,0.4123529050117681,0.007227968357911183,0.006085447246893631,0.004985447160915941,1.2206422113148212
700.0,0.31642311490704716,0.002506183200850571,0.0013276487166113318,0.0010219829805798986,1.2990908281642721
800.0,0.22217071392465051,0.0006090981087920281,0.00017969528567234378,0.00012331093011488923,1.457253509521995
900.0,0.13160056162200823,7.498441013194713e-05,1.0291585804236202e-05,5.4046061098613604e-06,1.9042249509095497
1000.0,0.05236388692670475,1.8796089928699585e-06,1.0680312095884277e-07,2.224391206622135e-08,4.801454017660383
1100.0,0.009967541229661873,2.4676989237287137e-09,1.2780186623310807e-10,1.0969774621477366e-12,116.50363899262702
1200.0,0.0016148492473313457,1.700074488604026e-12,9.148346142951563e-14,1.9761641812433512e-17,4629.34518790623
1300.0,0.00026287876574067397,1.19388373812086e-15,6.45373399273427e-17,3.6797276517591e-22,175386.1862480244
1400.0,4.286112199430996e-05,8.437118540899141e-19,4.551038262565383e-20,6.912959486946061e-27,6583342.881090564
1500.0,6.983830500254838e-06,5.947230487866486e-22,3.2092641432761844e-23,1.2937059144772707e-31,248067517.3053457
1600.0,1.1380726092337047e-06,4.193917593153319e-25,2.2630821671503348e-26,2.4226779909963577e-36,9341242111.253973
1700.0,1.85457608815263e-07,2.9574583177538852e-28,1.5958614279041832e-29,4.536736108394098e-41,351764217661.1154
1800.0,3.022163941640856e-08,2.08550908922693e-31,1.1253562656939926e-32,8.49539706838536e-46,13246658827541.754
1900.0,4.924836175508062e-09,1.4706426670930707e-34,7.935693554505177e-36,1.5908392951018655e-50,498836908224412.1
2000.0,8.025378072369242e-10,1.0370555323835213e-37,5.5960262639289966e-39,2.978986827405944e-55,1.878499835060342e+16
2100.0,1.3077936161666922e-10,7.313021680929201e-41,3.946159177077208e-42,5.578415457443892e-60,7.073978636373192e+17
2200.0,2.131144646426683e-11,5.156935723944477e-44,2.7827196507647122e-45,1.0446075051507832e-64,2.6638901568709698e+19
2300.0,3.4728549228915143e-12,3.6365249662248503e-47,1.962295058884946e-48,1.9561196891187193e-69,1.0031569488311878e+21
2400.0,5.659269227655656e-13,2.5643743776495094e-50,1.3837548806133234e-51,3.663006653578754e-74,3.7776477399007623e+22
2500.0,9.222190072020591e-14,1.8083241583994975e-53,9.757847378514248e-55,6.859303047549235e-79,1.4225712599184018e+24
2600.0,1.5028228257482218e-14,1.2751789638210635e-56,6.880957516129943e-58,1.284464996801837e-83,5.357061136942383e+25
2700.0,2.44895890017051e-15,8.992200774569943e-60,4.852256292001406e-61,2.4052740002743785e-88,2.017340349352253e+27
2800.0,3.9907563233460364e-16,6.341045223004111e-63,3.421673665049642e-64,4.504087718073353e-93,7.596818444098332e+28
2900.0,6.503227159597105e-17,4.471525439455243e-66,2.4128673271842198e-67,8.434301526471319e-98,2.8607790693886865e+30
3000.0,1.059748079378157e-17,3.1531930545393397e-69,1.7014856787953373e-70,1.5793973539634184e-102,1.0773005757705903e+32
3100.0,1.7269364335341292e-18,2.2235424071312828e-72,1.199839494915004e-73,2.9575608529972217e-107,4.056854802155887e+33
3200.0,2.8141682948060113e-19,1.567979109047434e-75,8.460928184697668e-77,5.538293563194217e-112,1.5277139227372082e+35
3300.0,4.585891546270899e-20,1.1056944443803605e-78,5.966406844415683e-80,1.0370943191594723e-116,5.753003110894717e+36
3400.0,7.473043212438221e-21,7.797043961104275e-82,4.207341068970719e-83,1.942050587532453e-121,2.1664425715689097e+38
3500.0,1.217786646096797e-21,5.498254498824203e-85,2.966897721233302e-86,3.636661019984987e-126,8.158301543445888e+39
3600.0,1.98447175167321e-22,3.877213298353548e-88,2.0921722161243242e-89,6.809968524600722e-131,3.072220097004033e+41
3700.0,3.2338407928936266e-23,2.7341009704342184e-91,1.4753405722739334e-92,1.2752266722468338e-135,1.1569241801338086e+43
3800.0,5.269778350316872e-24,1.928010542959739e-94,1.0403683728434678e-95,2.3879744226939514e-140,4.356698141137519e+44
3900.0,8.587486410120833e-25,1.3595784113172467e-97,7.336383012531954e-99,4.4716927331776505e-145,1.6406277108665765e+46
4000.0,1.399393256066942e-25,9.587361766613199e-101,5.173409449141867e-102,8.373639059917451e-150,6.178209273320251e+47
4100.0,2.2804129073411627e-26,6.760735892743461e-104,3.648141772689895e-105,1.5680377720395914e-154,2.3265649831538515e+49
4200.0,3.716098391515626e-27,4.7674794092573766e-107,2.5725662204936397e-108,2.936289033894823e-159,8.761284024826652e+50
4300.0,6.05565211939008e-28,3.3618914092012744e-110,1.814100813835746e-111,5.498460205685166e-164,3.299288793542682e+52
4400.0,9.868124771614886e-29,2.370710574085499e-113,1.2792524975812008e-114,1.0296351716234478e-168,1.2424327886587015e+54
4500.0,1.6080825745645272e-29,1.6717579308773906e-116,9.020926180544182e-118,1.9280826758515065e-173,4.6787029900365845e+55
4600.0,2.6204873027714033e-30,1.1788763293172257e-119,6.361301565460658e-121,3.6105048733496757e-178,1.761886990491418e+57
4700.0,4.270274308423334e-31,8.313101880097425e-123,4.485809638261683e-124,6.760988832973572e-183,6.634842549042881e+58
4800.0,6.958722009412124e-32,5.8621639225638314e-126,3.163265866843746e-127,1.2660547929737162e-187,2.4985220895644262e+60
4900.0,1.1339742720686183e-32,4.133831913847097e-129,2.2306454689896944e-130,2.3707992697670963e-192,9.408833119848352e+61
5000.0,1.847893403378223e-33,2.915061147670358e-132,1.5729879870290514e-133,4.439530744420837e-197,3.543140204639481e+63
5100.0,3.0112764586974043e-34,2.0556185330595843e-135,1.1092265632235887e-136,8.313412899184072e-202,1.3342613637444313e+65
5200.0,4.907093609473314e-35,1.4495639506001397e-138,7.821951462481762e-140,1.556759892229014e-206,5.024507312609438e+66
5300.0,7.996465293840877e-36,1.0221914295314356e-141,5.515818563126846e-143,2.9151702092058447e-211,1.892108579357867e+68
5400.0,1.3030820743292248e-36,7.208204358110099e-145,3.8895989788821355e-146,5.458913343709846e-216,7.12522572530669e+69
5500.0,2.1234668444644204e-37,5.083021493546908e-148,2.7428350014371274e-149,1.0222296729030913e-220,2.6831885965974614e+71
5600.0,3.460343387703187e-38,3.584402747237604e-151,1.9341695341741223e-152,1.9142152263098973e-225,1.0104242760113718e+73
5700.0,5.638880772749347e-39,2.5276192655717384e-154,1.3639215574277018e-155,3.5845368509313345e-230,3.8050147456939315e+74
5800.0,9.188965604476517e-40,1.782405494642915e-157,9.617988402502346e-159,6.712361420535864e-235,1.4328770159897793e+76
5900.0,1.497408657553215e-40,1.2569018564647687e-160,6.782332928671609e-162,1.256948881086028e-239,5.395870134998284e+77
6000.0,2.4401361200252967e-41,8.86331579168007e-164,4.782709027115819e-165,2.3537476465879856e-244,2.0319548843942037e+79
6100.0,3.9763789625615323e-42,6.2501591845844626e-167,3.372630904235974e-168,4.4076000760124006e-249,7.65185326724839e+80
6200.0,6.4797982063959645e-43,4.407435180106641e-170,2.3782837617171464e-171,8.253619906206163e-254,2.8815038598140896e+82
6300.0,1.0559301613587749e-43,3.107998419424763e-173,1.6770983282348844e-174,1.5455631269013313e-258,1.0851050332685313e+84
6400.0,1.720714858938978e-44,2.1916724308837302e-176,1.1826422262318575e-177,2.894203278540631e-263,4.086244511574845e+85
6500.0,2.804029787314102e-45,1.5455053047243376e-179,8.339657918201438e-181,5.419650916691523e-268,1.5387813802761417e+87
6600.0,4.569370112252624e-46,1.0898465542900134e-182,5.880890488260368e-184,1.0148774371372332e-272,5.794680493488147e+88
6700.0,7.4461203362419015e-47,7.685289130144247e-186,4.147037357423165e-187,1.900447516348538e-277,2.1821372712208106e+90
6800.0,1.2133993679593146e-47,5.4194481582217316e-189,2.924373252349175e-190,3.558755599674379e-282,8.217404006661066e+91
6900.0,1.977322363429815e-48,3.8216412996685375e-192,2.0621851654524773e-193,6.664083753571585e-287,3.0944766628229404e+93
7000.0,3.2221903457022103e-49,2.6949131714038726e-195,1.4541945537205636e-196,1.2479084621231113e-291,1.1653054673950127e+95
7100.0,5.250793100790751e-50,1.9003764173356607e-198,1.0254567996596719e-199,2.336818664687188e-296,4.388260052676967e+96
7200.0,8.556548567680367e-51,1.3400916088454914e-201,7.231230823123574e-203,4.375899064214925e-301,1.652513167467431e+98
7300.0,1.3943517100311393e-51,9.449946356500692e-205,5.09925910429836e-206,8.194256965488724e-306,6.222967043594817e+99
7400.0,2.2721973420573105e-52,6.663834438727298e-208,3.595853050302413e-209,1.5344468926526e-310,2.3434196827015797e+101
7500.0,3.7027105314318503e-53,4.699147249256113e-211,2.5356936948879183e-212,2.87338715e-315,8.824754763545663e+102
7600.0,6.033835629418904e-54,3.3137055059262006e-214,1.7880993534353679e-215,5.381e-320,3.3230680219691826e+104
7700.0,9.832573217319861e-55,2.336731240278511e-217,1.2609170043692143e-218,0.0,1.260931042084155e+102
7800.0,1.6022891906862692e-55,1.6477966673647946e-220,8.891629477147518e-222,0.0,8.891728467136176e+98
7900.0,2.611046563139506e-56,1.1619795251485117e-223,6.270125193404756e-225,0.0,6.270194998340215e+95
8000.0,4.254889937791212e-57,8.193950404230628e-227,4.4215146438582087e-228,0.0,4.42156386832101e+92
8100.0,6.933652060554854e-58,5.77814167753172e-230,3.117926858368964e-231,0.0,3.117961570065525e+89
8200.0,1.129888941893369e-58,4.074581807133098e-233,2.1986736847388603e-234,0.0,2.198698162443838e+86
8300.0,1.8412360612608461e-59,2.873279651064576e-236,1.5504423905864126e-237,0.0,1.550459651570471e+83
8400.0,3.000427836391106e-60,2.026155405388851e-239,1.0933280473645278e-240,0.0,1.0933402193214549e+80
8500.0,4.889414991810342e-61,1.4287873877035919e-242,7.709839632943828e-244,0.0,7.70992546613557e+76
8600.0,7.967656702883464e-62,1.0075403860095677e-245,5.4367604772415524e-247,0.0,5.436821004376579e+73
8700.0,1.2983875052810466e-62,7.104889350065448e-249,3.833849456556027e-250,0.0,3.8338921385768185e+70
8800.0,2.1158167033725885e-63,5.01016667695086e-252,2.7035220177646045e-253,0.0,2.703552115916418e+67
8900.0,3.447876927390363e-64,3.5330275946658805e-255,1.906447131887059e-256,0.0,1.90646835625099e+64
9000.0,5.618565770598975e-65,2.4913909635172225e-258,1.3443725047542232e-259,0.0,1.3443874715743475e+61
9100.0,9.155860833594177e-66,1.756858322438968e-261,9.480134021603772e-263,0.0,9.480239563378953e+57
9200.0,1.4920139947958136e-66,1.2388867144182132e-264,6.685121924893854e-266,0.0,6.685196349963546e+54
9300.0,2.431345125407166e-67,8.73627811394147e-268,4.714158581392724e-269,0.0,4.714211063843292e+51
9400.0,3.962053398601124e-68,6.160575813420875e-271,3.324291072054232e-272,0.0,3.324328081191461e+48
9500.0,6.456453659880087e-69,4.3442635248001937e-274,2.3441958816062273e-275,0.0,2.3442219794012745e+45
9600.0,1.0521259980215546e-69,3.063451557855235e-277,1.653060520944043e-278,0.0,1.6530789243697183e+42
9700.0,1.7145156985970075e-70,2.160259246187711e-280,1.1656914455593295e-281,0.0,1.1657044231337179e+39
9800.0,2.7939278054750285e-71,1.5233536168617404e-283,8.220125815322145e-285,0.0,8.22021732949998e+35
9900.0,4.552908199437432e-72,1.074225811601552e-286,5.796599835842793e-288,0.0,5.796664369048262e+32
10000.0,7.419294454167264e-73,7.575136078307844e-290,4.087597977425348e-291,0.0,4.0876434844135166e+29
10100.0,1.2090278957181421e-73,5.341771346876315e-293,2.882458285586049e-294,0.0,2.882490375824821e+26
10200.0,1.9701987320419696e-74,3.7668658130142397e-296,2.0326279184082033e-297,0.0,2.0326505475354182e+23
10300.0,3.210581871176876e-75,2.656287050091159e-299,1.4333516205083438e-300,0.0,1.433367577927737e+20
10400.0,5.2318762487712436e-76,1.873138370924839e-302,1.0107589536715684e-303,0.0,1.0107702063916256e+17
10500.0,8.525722183942609e-77,1.3208841102133713e-305,7.12758577734693e-307,0.0,71276651283407.0
10600.0,1.3893283270001361e-77,9.31450051793406e-309,5.0261715544442e-310,0.0,50262275105.16848
10700.0,2.264011374707772e-78,6.568321870757e-312,3.54431378084e-313,0.0,35443532.394762844
10800.0,3.6893709005681006e-79,4.631794477e-315,2.49934965e-316,0.0,24993.774703557312
10900.0,6.01211499568125e-80,3.26625e-318,1.76253e-319,0.0,17.625494071146246
11000.0,9.789882721964734e-81,2.297e-321,1.24e-322,0.0,0.012351778656126482
11100.0,4.1094177130567025e-81,7e-323,3.5e-323,0.0,0.003458498023715415
11200.0,3.228646514942945e-81,3e-323,3.5e-323,0.0,0.003458498023715415
11300.0,2.75652690951411e-81,1.5e-323,3.5e-323,0.0,0.003458498023715415
11400.0,2.4482455867366915e-81,1e-323,3.5e-323,0.0,0.003458498023715415
11500.0,2.226005151585998e-81,5e-324,3.5e-323,0.0,0.003458498023715415
11600.0,2.0557546964100785e-81,5e-324,3.5e-323,0.0,0.003458498023715415
11700.0,1.9198218717525213e-81,5e-324,3.5e-323,0.0,0.003458498023715415
11800.0,1.8079739133529746e-81,0.0,3.5e-323,0.0,0.003458498023715415
11900.0,1.7138111342059977e-81,0.0,3.5e-323,0.0,0.003458498023715415
12000.0,1.633094252414543e-81,0.0,3.5e-323,0.0,0.003458498023715415
12100.0,1.562886818285286e-81,0.0,3.5e-323,0.0,0.003458498023715415
12200.0,1.501080771831335e-81,0.0,3.5e-323,0.0,0.003458498023715415
12300.0,1.446117735275835e-81,0.0,3.5e-323,0.0,0.003458498023715415
12400.0,1.3968171313542975e-81,0.0,3.5e-323,0.0,0.003458498023715415
12500.0,1.3522658262043443e-81,0.0,3.5e-323,0.0,0.003458498023715415
12600.0,1.3117448281049325e-81,0.0,3.5e-323,0.0,0.003458498023715415
12700.0,1.2746791658658153e-81,0.0,3.5e-323,0.0,0.003458498023715415
12800.0,1.240602745465634e-81,0.0,3.5e-323,0.0,0.003458498023715415
12900.0,1.2091331620144998e-81,0.0,3.5e-323,0.0,0.003458498023715415
13000.0,1.179953294039674e-81,0.0,3.5e-323,0.0,0.003458498023715415
13100.0,1.1527976204268852e-81,0.0,3.5e-323,0.0,0.003458498023715415
13200.0,1.1274418904279255e-81,0.0,3.5e-323,0.0,0.003458498023715415
13300.0,1.103695216216863e-81,0.0,3.5e-323,0.0,0.003458498023715415
13400.0,1.0813939434558122e-81,0.0,3.5e-323,0.0,0.003458498023715415
13500.0,1.06039684555894e-81,0.0,3.5e-323,0.0,0.003458498023715415
13600.0,1.0405813163125817e-81,0.0,3.5e-323,0.0,0.003458498023715415
13700.0,1.0218403244743845e-81,0.0,3.5e-323,0.0,0.003458498023715415
13800.0,1.0040799563225521e-81,0.0,3.5e-323,0.0,0.003458498023715415
13900.0,9.87217416459411e-82,0.0,3.5e-323,0.0,0.003458498023715415
14000.0,9.711793891208572e-82,0.0,3.5e-323,0.0,0.003458498023715415
14100.0,9.559006855509226e-82,0.0,3.5e-323,0.0,0.003458498023715415
14200.0,9.413231202006882e-82,0.0,3.5e-323,0.0,0.003458498023715415
14300.0,9.273945713391491e-82,0.0,3.5e-323,0.0,0.003458498023715415
14400.0,9.140681913266914e-82,0.0,3.5e-323,0.0,0.003458498023715415
14500.0,9.013017391482003e-82,0.0,3.5e-323,0.0,0.003458498023715415
14600.0,8.890570134364908e-82,0.0,3.5e-323,0.0,0.003458498023715415
14700.0,8.772993685722281e-82,0.0,3.5e-323,0.0,0.003458498023715415
14800.0,8.659972998396423e-82,0.0,3.5e-323,0.0,0.003458498023715415
14900.0,8.551220862797978e-82,0.0,3.5e-323,0.0,0.003458498023715415
15000.0,8.446474819865734e-82,0.0,3.5e-323,0.0,0.003458498023715415
15100.0,8.345494482629098e-82,0.0,3.5e-323,0.0,0.003458498023715415
15200.0,8.248059203927032e-82,0.0,3.5e-323,0.0,0.003458498023715415
15300.0,8.153966038600655e-82,0.0,3.5e-323,0.0,0.003458498023715415
15400.0,8.063027957184273e-82,0.0,3.5e-323,0.0,0.003458498023715415
15500.0,7.975072275200177e-82,0.0,3.5e-323,0.0,0.003458498023715415
15600.0,7.889939267949108e-82,0.0,3.5e-323,0.0,0.003458498023715415
15700.0,7.80748094543953e-82,0.0,3.5e-323,0.0,0.003458498023715415
15800.0,7.727559966017278e-82,0.0,3.5e-323,0.0,0.003458498023715415
15900.0,7.650048670503432e-82,0.0,3.5e-323,0.0,0.003458498023715415
16000.0,7.574828221347782e-82,0.0,3.5e-323,0.0,0.003458498023715415
16100.0,7.501787833559849e-82,0.0,3.5e-323,0.0,0.003458498023715415
16200.0,7.430824086068876e-82,0.0,3.5e-323,0.0,0.003458498023715415
16300.0,7.361840303753723e-82,0.0,3.5e-323,0.0,0.003458498023715415
16400.0,7.294746001725374e-82,0.0,3.5e-323,0.0,0.003458498023715415
16500.0,7.229456384581186e-82,0.0,3.5e-323,0.0,0.003458498023715415
16600.0,7.165891894315306e-82,0.0,3.5e-323,0.0,0.003458498023715415
16700.0,7.103977801392982e-82,0.0,3.5e-323,0.0,0.003458498023715415
16800.0,7.043643834199463e-82,0.0,3.5e-323,0.0,0.003458498023715415
16900.0,6.984823842677535e-82,0.0,3.5e-323,0.0,0.003458498023715415
17000.0,6.927455492485928e-82,0.0,3.5e-323,0.0,0.003458498023715415
17100.0,6.871479986457625e-82,0.0,3.5e-323,0.0,0.003458498023715415
17200.0,6.8168418105232e-82,0.0,3.5e-323,0.0,0.003458498023715415
17300.0,6.76348850159872e-82,0.0,3.5e-323,0.0,0.003458498023715415
17400.0,6.711370435228112e-82,0.0,3.5e-323,0.0,0.003458498023715415
17500.0,6.660440631022733e-82,0.0,3.5e-323,0.0,0.003458498023715415
17600.0,6.61065457416126e-82,0.0,3.5e-323,0.0,0.003458498023715415
17700.0,6.561970051405835e-82,0.0,3.5e-323,0.0,0.003458498023715415
17800.0,6.514347000259147e-82,0.0,3.5e-323,0.0,0.003458498023715415
17900.0,6.467747370035487e-82,0.0,3.5e-323,0.0,0.003458498023715415
18000.0,6.422134993749022e-82,0.0,3.5e-323,0.0,0.003458498023715415
18100.0,6.377475469837584e-82,0.0,3.5e-323,0.0,0.003458498023715415
18200.0,6.333736052841472e-82,0.0,3.5e-323,0.0,0.003458498023715415
18300.0,6.290885552246826e-82,0.0,3.5e-323,0.0,0.003458498023715415
18400.0,6.24889423878214e-82,0.0,3.5e-323,0.0,0.003458498023715415
18500.0,6.207733757527587e-82,0.0,3.5e-323,0.0,0.003458498023715415
18600.0,6.167377047259009e-82,0.0,3.5e-323,0.0,0.003458498023715415
18700.0,6.127798265504646e-82,0.0,3.5e-323,0.0,0.003458498023715415
18800.0,6.088972718842387e-82,0.0,3.5e-323,0.0,0.003458498023715415
18900.0,6.050876798009713e-82,0.0,3.5e-323,0.0,0.003458498023715415
19000.0,6.013487917438431e-82,0.0,3.5e-323,0.0,0.003458498023715415
19100.0,5.976784458861841e-82,0.0,3.5e-323,0.0,0.003458498023715415
19200.0,5.940745718674086e-82,0.0,3.5e-323,0.0,0.003458498023715415
19300.0,5.905351858750019e-82,0.0,3.5e-323,0.0,0.003458498023715415
19400.0,5.870583860459886e-82,0.0,3.5e-323,0.0,0.003458498023715415
19500.0,5.836423481636309e-82,0.0,3.5e-323,0.0,0.003458498023715415
19600.0,5.802853216272202e-82,0.0,3.5e-323,0.0,0.003458498023715415
19700.0,5.769856256746897e-82,0.0,3.5e-323,0.0,0.003458498023715415
19800.0,5.737416458395315e-82,0.0,3.5e-323,0.0,0.003458498023715415
19900.0,5.705518306250161e-82,0.0,3.5e-323,0.0,0.003458498023715415
20000.0,5.67414688380139e-82,0.0,3.5e-323,0.0,0.003458498023715415
20100.0,5.643287843629879e-82,0.0,3.5e-323,0.0,0.003458498023715415
20200.0,5.6129273797838e-82,0.0,3.5e-323,0.0,0.003458498023715415
20300.0,5.583052201776807e-82,0.0,3.5e-323,0.0,0.003458498023715415
20400.0,5.553649510096584e-82,0.0,3.5e-323,0.0,0.003458498023715415
20500.0,5.524706973121201e-82,0.0,3.5e-323,0.0,0.003458498023715415
20600.0,5.496212705348592e-82,0.0,3.5e-323,0.0,0.003458498023715415
20700.0,5.468155246851723e-82,0.0,3.5e-323,0.0,0.003458498023715415
20800.0,5.440523543878771e-82,0.0,3.5e-323,0.0,0.003458498023715415
20900.0,5.41330693052356e-82,0.0,3.5e-323,0.0,0.003458498023715415
21000.0,5.38649511139727e-82,0.0,3.5e-323,0.0,0.003458498023715415
21100.0,5.360078145237205e-82,0.0,3.5e-323,0.0,0.003458498023715415
21200.0,5.334046429393545e-82,0.0,3.5e-323,0.0,0.003458498023715415
21300.0,5.308390685138826e-82,0.0,3.5e-323,0.0,0.003458498023715415
21400.0,5.283101943749178e-82,0.0,3.5e-323,0.0,0.003458498023715415
21500.0,5.258171533309784e-82,0.0,3.5e-323,0.0,0.003458498023715415
21600.0,5.2335910662005186e-82,0.0,3.5e-323,0.0,0.003458498023715415
21700.0,5.2093524272206074e-82,0.0,3.5e-323,0.0,0.003458498023715415
21800.0,5.1854477623141314e-82,0.0,3.5e-323,0.0,0.003458498023715415
21900.0,5.161869467860798e-82,0.0,3.5e-323,0.0,0.003458498023715415
22000.0,5.13861018049874e-82,0.0,3.5e-323,0.0,0.003458498023715415
22100.0,5.115662767448404e-82,0.0,3.5e-323,0.0,0.003458498023715415
22200.0,5.0930203173085874e-82,0.0,3.5e-323,0.0,0.003458498023715415
22300.0,5.070676131297711e-82,0.0,3.5e-323,0.0,0.003458498023715415
22400.0,5.048623714914966e-82,0.0,3.5e-323,0.0,0.003458498023715415
22500.0,5.026856769997883e-82,0.0,3.5e-323,0.0,0.003458498023715415
22600.0,5.0053691871541475e-82,0.0,3.5e-323,0.0,0.003458498023715415
22700.0,4.98415503854701e-82,0.0,3.5e-323,0.0,0.003458498023715415
22800.0,4.963208571014969e-82,0.0,3.5e-323,0.0,0.003458498023715415
22900.0,4.942524199507508e-82,0.0,3.5e-323,0.0,0.003458498023715415
23000.0,4.922096500819949e-82,0.0,3.5e-323,0.0,0.003458498023715415
23100.0,4.901920207611338e-82,0.0,3.5e-323,0.0,0.003458498023715415
23200.0,4.881990202690475e-82,0.0,3.5e-323,0.0,0.003458498023715415
23300.0,4.862301513555948e-82,0.0,3.5e-323,0.0,0.003458498023715415
23400.0,4.842849307176907e-82,0.0,3.5e-323,0.0,0.003458498023715415
23500.0,4.823628885002208e-82,0.0,3.5e-323,0.0,0.003458498023715415
23600.0,4.804635678186102e-82,0.0,3.5e-323,0.0,0.003458498023715415
23700.0,4.785865243019558e-82,0.0,3.5e-323,0.0,0.003458498023715415
23800.0,4.767313256556762e-82,0.0,3.5e-323,0.0,0.003458498023715415
23900.0,4.748975512427035e-82,0.0,3.5e-323,0.0,0.003458498023715415
24000.0,4.7308479168229394e-82,0.0,3.5e-323,0.0,0.003458498023715415
24100.0,4.7129264846559104e-82,0.0,3.5e-323,0.0,0.003458498023715415
24200.0,4.6952073358711626e-82,0.0,3.5e-323,0.0,0.003458498023715415
24300.0,4.6776866919141593e-82,0.0,3.5e-323,0.0,0.003458498023715415
24400.0,4.660360872341321e-82,0.0,3.5e-323,0.0,0.003458498023715415
24500.0,4.643226291568061e-82,0.0,3.5e-323,0.0,0.003458498023715415
24600.0,4.62627945574764e-82,0.0,3.5e-323,0.0,0.003458498023715415
24700.0,4.6095169597746227e-82,0.0,3.5e-323,0.0,0.003458498023715415
24800.0,4.592935484407158e-82,0.0,3.5e-323,0.0,0.003458498023715415
24900.0,4.576531793502495e-82,0.0,3.5e-323,0.0,0.003458498023715415
25000.0,4.560302731360539e-82,0.0,3.5e-323,0.0,0.003458498023715415
25100.0,4.5442452201704937e-82,0.0,3.5e-323,0.0,0.003458498023715415
25200.0,4.528356257555869e-82,0.0,3.5e-323,0.0,0.003458498023715415
25300.0,4.5126329142134304e-82,0.0,3.5e-323,0.0,0.003458498023715415
25400.0,4.497072331641869e-82,0.0,3.5e-323,0.0,0.003458498023715415
25500.0,4.4816717199561605e-82,0.0,3.5e-323,0.0,0.003458498023715415
25600.0,4.4664283557838776e-82,0.0,3.5e-323,0.0,0.003458498023715415
25700.0,4.4513395802397714e-82,0.0,3.5e-323,0.0,0.003458498023715415
25800.0,4.436402796975266e-82,0.0,3.5e-323,0.0,0.003458498023715415
25900.0,4.4216154702995896e-82,0.0,3.5e-323,0.0,0.003458498023715415
26000.0,4.406975123369442e-82,0.0,3.5e-323,0.0,0.003458498023715415
26100.0,4.392479336444285e-82,0.0,3.5e-323,0.0,0.003458498023715415
26200.0,4.378125745204451e-82,0.0,3.5e-323,0.0,0.003458498023715415
26300.0,4.3639120391294045e-82,0.0,3.5e-323,0.0,0.003458498023715415
26400.0,4.349835959933642e-82,0.0,3.5e-323,0.0,0.003458498023715415
26500.0,4.335895300057845e-82,0.0,3.5e-323,0.0,0.003458498023715415
26600.0,4.322087901212932e-82,0.0,3.5e-323,0.0,0.003458498023715415
26700.0,4.3084116529749034e-82,0.0,3.5e-323,0.0,0.003458498023715415
26800.0,4.29486449142836e-82,0.0,3.5e-323,0.0,0.003458498023715415
26900.0,4.2814443978567e-82,0.0,3.5e-323,0.0,0.003458498023715415
27000.0,4.268149397477142e-82,0.0,3.5e-323,0.0,0.003458498023715415
27100.0,4.254977558218766e-82,0.0,3.5e-323,0.0,0.003458498023715415
27200.0,4.2419269895418287e-82,0.0,3.5e-323,0.0,0.003458498023715415
27300.0,4.228995841296751e-82,0.0,3.5e-323,0.0,0.003458498023715415
27400.0,4.2161823026211657e-82,0.0,3.5e-323,0.0,0.003458498023715415
27500.0,4.203484600873586e-82,0.0,3.5e-323,0.0,0.003458498023715415
27600.0,4.190901000602229e-82,0.0,3.5e-323,0.0,0.003458498023715415
27700.0,4.1784298025476554e-82,0.0,3.5e-323,0.0,0.003458498023715415
27800.0,4.1660693426778904e-82,0.0,3.5e-323,0.0,0.003458498023715415
27900.0,4.1538179912548256e-82,0.0,3.5e-323,0.0,0.003458498023715415
28000.0,4.141674151930682e-82,0.0,3.5e-323,0.0,0.003458498023715415
28100.0,4.129636260873401e-82,0.0,3.5e-323,0.0,0.003458498023715415
28200.0,4.117702785919873e-82,0.0,3.5e-323,0.0,0.003458498023715415
28300.0,4.105872225755982e-82,0.0,3.5e-323,0.0,0.003458498023715415
28400.0,4.094143109122446e-82,0.0,3.5e-323,0.0,0.003458498023715415
28500.0,4.082513994045484e-82,0.0,3.5e-323,0.0,0.003458498023715415
28600.0,4.070983467091462e-82,0.0,3.5e-323,0.0,0.003458498023715415
28700.0,4.0595501426445687e-82,0.0,3.5e-323,0.0,0.003458498023715415
28800.0,4.048212662206723e-82,0.0,3.5e-323,0.0,0.003458498023715415
28900.0,4.036969693718881e-82,0.0,3.5e-323,0.0,0.003458498023715415
29000.0,4.0258199309030307e-82,0.0,3.5e-323,0.0,0.003458498023715415
29100.0,4.014762092624062e-82,0.0,3.5e-323,0.0,0.003458498023715415
29200.0,4.00379492227084e-82,0.0,3.5e-323,0.0,0.003458498023715415
29300.0,3.9929171871558333e-82,0.0,3.5e-323,0.0,0.003458498023715415
29400.0,3.982127677932558e-82,0.0,3.5e-323,0.0,0.003458498023715415
29500.0,3.971425208030321e-82,0.0,3.5e-323,0.0,0.003458498023715415
29600.0,3.9608086131055824e-82,0.0,3.5e-323,0.0,0.003458498023715415
29700.0,3.950276750509371e-82,0.0,3.5e-323,0.0,0.003458498023715415
29800.0,3.939828498770258e-82,0.0,3.5e-323,0.0,0.003458498023715415
29900.0,3.929462757092278e-82,0.0,3.5e-323,0.0,0.003458498023715415
30000.0,3.919178444867341e-82,0.0,3.5e-323,0.0,0.003458498023715415
30100.0,3.9089745012016106e-82,0.0,3.5e-323,0.0,0.003458498023715415
30200.0,3.898849884455425e-82,0.0,3.5e-323,0.0,0.003458498023715415
30300.0,3.8888035717962465e-82,0.0,3.5e-323,0.0,0.003458498023715415
30400.0,3.878834558764234e-82,0.0,3.5e-323,0.0,0.003458498023715415
30500.0,3.868941858850046e-82,0.0,3.5e-323,0.0,0.003458498023715415
30600.0,3.859124503084417e-82,0.0,3.5e-323,0.0,0.003458498023715415
30700.0,3.849381539639156e-82,0.0,3.5e-323,0.0,0.003458498023715415
30800.0,3.839712033439184e-82,0.0,3.5e-323,0.0,0.003458498023715415
30900.0,3.8301150657852505e-82,0.0,3.5e-323,0.0,0.003458498023715415
31000.0,3.820589733986987e-82,0.0,3.5e-323,0.0,0.003458498023715415
31100.0,3.8111351510059574e-82,0.0,3.5e-323,0.0,0.003458498023715415
31200.0,3.8017504451083903e-82,0.0,3.5e-323,0.0,0.003458498023715415
31300.0,3.7924347595272874e-82,0.0,3.5e-323,0.0,0.003458498023715415
31400.0,3.783187252133601e-82,0.0,3.5e-323,0.0,0.003458498023715415
31500.0,3.7740070951162006e-82,0.0,3.5e-323,0.0,0.003458498023715415
31600.0,3.764893474670358e-82,0.0,3.5e-323,0.0,0.003458498023715415
31700.0,3.755845590694458e-82,0.0,3.5e-323,0.0,0.003458498023715415
31800.0,3.746862656494726e-82,0.0,3.5e-323,0.0,0.003458498023715415
31900.0,3.737943898497672e-82,0.0,3.5e-323,0.0,0.003458498023715415
32000.0,3.729088555970051e-82,0.0,3.5e-323,0.0,0.003458498023715415
32100.0,3.7202958807460953e-82,0.0,3.5e-323,0.0,0.003458498023715415
32200.0,3.7115651369617716e-82,0.0,3.5e-323,0.0,0.003458498023715415
32300.0,3.7028956007959237e-82,0.0,3.5e-323,0.0,0.003458498023715415
32400.0,3.694286560218001e-82,0.0,3.5e-323,0.0,0.003458498023715415
32500.0,3.6857373147422234e-82,0.0,3.5e-323,0.0,0.003458498023715415
32600.0,3.6772471751879997e-82,0.0,3.5e-323,0.0,0.003458498023715415
32700.0,3.6688154634463785e-82,0.0,3.5e-323,0.0,0.003458498023715415
32800.0,3.6604415122523853e-82,0.0,3.5e-323,0.0,0.003458498023715415
32900.0,3.6521246649630315e-82,0.0,3.5e-323,0.0,0.003458498023715415
33000.0,3.643864275340884e-82,0.0,3.5e-323,0.0,0.003458498023715415
33100.0,3.6356597073429764e-82,0.0,3.5e-323,0.0,0.003458498023715415
33200.0,3.627510334914948e-82,0.0,3.5e-323,0.0,0.003458498023715415
33300.0,3.619415541790224e-82,0.0,3.5e-323,0.0,0.003458498023715415
33400.0,3.6113747212941264e-82,0.0,3.5e-323,0.0,0.003458498023715415
33500.0,3.603387276152751e-82,0.0,3.5e-323,0.0,0.003458498023715415
33600.0,3.5954526183064643e-82,0.0,3.5e-323,0.0,0.003458498023715415
33700.0,3.587570168727925e-82,0.0,3.5e-323,0.0,0.003458498023715415
33800.0,3.5797393572444727e-82,0.0,3.5e-323,0.0,0.003458498023715415
33900.0,3.5719596223647585e-82,0.0,3.5e-323,0.0,0.003458498023715415
34000.0,3.564230411109508e-82,0.0,3.5e-323,0.0,0.003458498023715415
34100.0,3.556551178846316e-82,0.0,3.5e-323,0.0,0.003458498023715415
34200.0,3.548921389128325e-82,0.0,3.5e-323,0.0,0.003458498023715415
34300.0,3.541340513536705e-82,0.0,3.5e-323,0.0,0.003458498023715415
34400.0,3.533808031526827e-82,0.0,3.5e-323,0.0,0.003458498023715415
34500.0,3.526323430278025e-82,0.0,3.5e-323,0.0,0.003458498023715415
34600.0,3.518886204546826e-82,0.0,3.5e-323,0.0,0.003458498023715415
34700.0,3.5114958565236086e-82,0.0,3.5e-323,0.0,0.003458498023715415
34800.0,3.504151895692539e-82,0.0,3.5e-323,0.0,0.003458498023715415
34900.0,3.496853838694723e-82,0.0,3.5e-323,0.0,0.003458498023715415
35000.0,3.4896012091944906e-82,0.0,3.5e-323,0.0,0.003458498023715415
35100.0,3.4823935377487105e-82,0.0,3.5e-323,0.0,0.003458498023715415
35200.0,3.475230361679086e-82,0.0,3.5e-323,0.0,0.003458498023715415
35300.0,3.468111224947298e-82,0.0,3.5e-323,0.0,0.003458498023715415
35400.0,3.461035678032981e-82,0.0,3.5e-323,0.0,0.003458498023715415
35500.0,3.4540032778144156e-82,0.0,3.5e-323,0.0,0.003458498023715415
35600.0,3.4470135874519e-82,0.0,3.5e-323,0.0,0.003458498023715415
35700.0,3.4400661762736745e-82,0.0,3.5e-323,0.0,0.003458498023715415
35800.0,3.433160619664392e-82,0.0,3.5e-323,0.0,0.003458498023715415
35900.0,3.4262964989560425e-82,0.0,3.5e-323,0.0,0.003458498023715415
36000.0,3.41947340132126e-82,0.0,3.5e-323,0.0,0.003458498023715415
36100.0,3.4126909196689716e-82,0.0,3.5e-323,0.0,0.003458498023715415
36200.0,3.4059486525423064e-82,0.0,3.5e-323,0.0,0.003458498023715415
36300.0,3.3992462040187237e-82,0.0,3.5e-323,0.0,0.003458498023715415
36400.0,3.3925831836122807e-82,0.0,3.5e-323,0.0,0.003458498023715415
36500.0,3.3859592061780356e-82,0.0,3.5e-323,0.0,0.003458498023715415
36600.0,3.379373891818459e-82,0.0,3.5e-323,0.0,0.003458498023715415
36700.0,3.3728268657918626e-82,0.0,3.5e-323,0.0,0.003458498023715415
36800.0,3.366317758422769e-82,0.0,3.5e-323,0.0,0.003458498023715415
36900.0,3.359846205014187e-82,0.0,3.5e-323,0.0,0.003458498023715415
37000.0,3.3534118457617215e-82,0.0,3.5e-323,0.0,0.003458498023715415
37100.0,3.347014325669502e-82,0.0,3.5e-323,0.0,0.003458498023715415
37200.0,3.3406532944678594e-82,0.0,3.5e-323,0.0,0.003458498023715415
37300.0,3.334328406532718e-82,0.0,3.5e-323,0.0,0.003458498023715415
37400.0,3.3280393208066833e-82,0.0,3.5e-323,0.0,0.003458498023715415
37500.0,3.3217857007217276e-82,0.0,3.5e-323,0.0,0.003458498023715415
37600.0,3.3155672141235057e-82,0.0,3.5e-323,0.0,0.003458498023715415
37700.0,3.309383533197187e-82,0.0,3.5e-323,0.0,0.003458498023715415
37800.0,3.3032343343948437e-82,0.0,3.5e-323,0.0,0.003458498023715415
37900.0,3.2971192983642856e-82,0.0,3.5e-323,0.0,0.003458498023715415
38000.0,3.291038109879364e-82,0.0,3.5e-323,0.0,0.003458498023715415
38100.0,3.284990457771667e-82,0.0,3.5e-323,0.0,0.003458498023715415
38200.0,3.278976034863614e-82,0.0,3.5e-323,0.0,0.003458498023715415
38300.0,3.2729945379028694e-82,0.0,3.5e-323,0.0,0.003458498023715415
38400.0,3.2670456674980823e-82,0.0,3.5e-323,0.0,0.003458498023715415
38500.0,3.261129128055911e-82,0.0,3.5e-323,0.0,0.003458498023715415
38600.0,3.2552446277192893e-82,0.0,3.5e-323,0.0,0.003458498023715415
38700.0,3.24939187830692e-82,0.0,3.5e-323,0.0,0.003458498023715415
38800.0,3.2435705952539574e-82,0.0,3.5e-323,0.0,0.003458498023715415
38900.0,3.2377804975538617e-82,0.0,3.5e-323,0.0,0.003458498023715415
39000.0,3.232021307701385e-82,0.0,3.5e-323,0.0,0.003458498023715415
39100.0,3.226292751636685e-82,0.0,3.5e-323,0.0,0.003458498023715415
39200.0,3.220594558690503e-82,0.0,3.5e-323,0.0,0.003458498023715415
39300.0,3.214926461530414e-82,0.0,3.5e-323,0.0,0.003458498023715415
39400.0,3.209288196108134e-82,0.0,3.5e-323,0.0,0.003458498023715415
39500.0,3.2036795016078043e-82,0.0,3.5e-323,0.0,0.003458498023715415
39600.0,3.198100120395288e-82,0.0,3.5e-323,0.0,0.003458498023715415
39700.0,3.1925497979684466e-82,0.0,3.5e-323,0.0,0.003458498023715415
39800.0,3.1870282829083434e-82,0.0,3.5e-323,0.0,0.003458498023715415
39900.0,3.181535326831376e-82,0.0,3.5e-323,0.0,0.003458498023715415
40000.0,3.1760706843423277e-82,0.0,3.5e-323,0.0,0.003458498023715415
40100.0,3.170634112988286e-82,0.0,3.5e-323,0.0,0.003458498023715415
40200.0,3.165225373213434e-82,0.0,3.5e-323,0.0,0.003458498023715415
40300.0,3.159844228314693e-82,0.0,3.5e-323,0.0,0.003458498023715415
40400.0,3.154490444398192e-82,0.0,3.5e-323,0.0,0.003458498023715415
40500.0,3.149163790336531e-82,0.0,3.5e-323,0.0,0.003458498023715415
40600.0,3.143864037726856e-82,0.0,3.5e-323,0.0,0.003458498023715415
40700.0,3.138590960849695e-82,0.0,3.5e-323,0.0,0.003458498023715415
40800.0,3.1333443366285655e-82,0.0,3.5e-323,0.0,0.003458498023715415
40900.0,3.1281239445903e-82,0.0,3.5e-323,0.0,0.003458498023715415
41000.0,3.1229295668261185e-82,0.0,3.5e-323,0.0,0.003458498023715415
41100.0,3.1177609879534106e-82,0.0,3.5e-323,0.0,0.003458498023715415
41200.0,3.112617995078183e-82,0.0,3.5e-323,0.0,0.003458498023715415
41300.0,3.107500377758224e-82,0.0,3.5e-323,0.0,0.003458498023715415
41400.0,3.1024079279669106e-82,0.0,3.5e-323,0.0,0.003458498023715415
41500.0,3.097340440057674e-82,0.0,3.5e-323,0.0,0.003458498023715415
41600.0,3.092297710729086e-82,0.0,3.5e-323,0.0,0.003458498023715415
41700.0,3.0872795389906e-82,0.0,3.5e-323,0.0,0.003458498023715415
41800.0,3.0822857261288817e-82,0.0,3.5e-323,0.0,0.003458498023715415
41900.0,3.0773160756747324e-82,0.0,3.5e-323,0.0,0.003458498023715415
42000.0,3.072370393370615e-82,0.0,3.5e-323,0.0,0.003458498023715415
42100.0,3.067448487138731e-82,0.0,3.5e-323,0.0,0.003458498023715415
42200.0,3.062550167049682e-82,0.0,3.5e-323,0.0,0.003458498023715415
42300.0,3.0576752452916655e-82,0.0,3.5e-323,0.0,0.003458498023715415
42400.0,3.0528235361402136e-82,0.0,3.5e-323,0.0,0.003458498023715415
42500.0,3.04799485592846e-82,0.0,3.5e-323,0.0,0.003458498023715415
42600.0,3.043189023017907e-82,0.0,3.5e-323,0.0,0.003458498023715415
42700.0,3.038405857769738e-82,0.0,3.5e-323,0.0,0.003458498023715415
42800.0,3.0336451825165757e-82,0.0,3.5e-323,0.0,0.003458498023715415
42900.0,3.0289068215347556e-82,0.0,3.5e-323,0.0,0.003458498023715415
43000.0,3.0241906010170755e-82,0.0,3.5e-323,0.0,0.003458498023715415
43100.0,3.019496349045997e-82,0.0,3.5e-323,0.0,0.003458498023715415
43200.0,3.0148238955673036e-82,0.0,3.5e-323,0.0,0.003458498023715415
43300.0,3.0101730723642285e-82,0.0,3.5e-323,0.0,0.003458498023715415
43400.0,3.0055437130319916e-82,0.0,3.5e-323,0.0,0.003458498023715415
43500.0,3.0009356529527896e-82,0.0,3.5e-323,0.0,0.003458498023715415
43600.0,2.996348729271185e-82,0.0,3.5e-323,0.0,0.003458498023715415
43700.0,2.991782780869926e-82,0.0,3.5e-323,0.0,0.003458498023715415
43800.0,2.987237648346165e-82,0.0,3.5e-323,0.0,0.003458498023715415
43900.0,2.9827131739880665e-82,0.0,3.5e-323,0.0,0.003458498023715415
44000.0,2.978209201751819e-82,0.0,3.5e-323,0.0,0.003458498023715415
44100.0,2.97372557723901e-82,0.0,3.5e-323,0.0,0.003458498023715415
44200.0,2.969262147674391e-82,0.0,3.5e-323,0.0,0.003458498023715415
44300.0,2.9648187618839993e-82,0.0,3.5e-323,0.0,0.003458498023715415
44400.0,2.9603952702736435e-82,0.0,3.5e-323,0.0,0.003458498023715415
44500.0,2.955991524807735e-82,0.0,3.5e-323,0.0,0.003458498023715415
44600.0,2.9516073789884696e-82,0.0,3.5e-323,0.0,0.003458498023715415
44700.0,2.947242687835353e-82,0.0,3.5e-323,0.0,0.003458498023715415
44800.0,2.9428973078650487e-82,0.0,3.5e-323,0.0,0.003458498023715415
44900.0,2.9385710970715596e-82,0.0,3.5e-323,0.0,0.003458498023715415
45000.0,2.934263914906719e-82,0.0,3.5e-323,0.0,0.003458498023715415
45100.0,2.9299756222610205e-82,0.0,3.5e-323,0.0,0.003458498023715415
45200.0,2.9257060814447126e-82,0.0,3.5e-323,0.0,0.003458498023715415
45300.0,2.921455156169246e-82,0.0,3.5e-323,0.0,0.003458498023715415
45400.0,2.9172227115289766e-82,0.0,3.5e-323,0.0,0.003458498023715415
45500.0,2.913008613983183e-82,0.0,3.5e-323,0.0,0.003458498023715415
45600.0,2.9088127313383465e-82,0.0,3.5e-323,0.0,0.003458498023715415
45700.0,2.9046349327307416e-82,0.0,3.5e-323,0.0,0.003458498023715415
45800.0,2.9004750886092806e-82,0.0,3.5e-323,0.0,0.003458498023715415
45900.0,2.8963330707186246e-82,0.0,3.5e-323,0.0,0.003458498023715415
46000.0,2.892208752082569e-82,0.0,3.5e-323,0.0,0.003458498023715415
46100.0,2.8881020069877035e-82,0.0,3.5e-323,0.0,0.003458498023715415
46200.0,2.88401271096728e-82,0.0,3.5e-323,0.0,0.003458498023715415
46300.0,2.879940740785389e-82,0.0,3.5e-323,0.0,0.003458498023715415
46400.0,2.8758859744213236e-82,0.0,3.5e-323,0.0,0.003458498023715415
46500.0,2.871848291054259e-82,0.0,3.5e-323,0.0,0.003458498023715415
46600.0,2.8678275710480746e-82,0.0,3.5e-323,0.0,0.003458498023715415
46700.0,2.8638236959364876e-82,0.0,3.5e-323,0.0,0.003458498023715415
46800.0,2.859836548408382e-82,0.0,3.5e-323,0.0,0.003458498023715415
46900.0,2.8558660122933526e-82,0.0,3.5e-323,0.0,0.003458498023715415
47000.0,2.8519119725475016e-82,0.0,3.5e-323,0.0,0.003458498023715415
47100.0,2.847974315239419e-82,0.0,3.5e-323,0.0,0.003458498023715415
47200.0,2.84405292753638e-82,0.0,3.5e-323,0.0,0.003458498023715415
47300.0,2.8401476976907824e-82,0.0,3.5e-323,0.0,0.003458498023715415
47400.0,2.836258515026744e-82,0.0,3.5e-323,0.0,0.003458498023715415
47500.0,2.832385269926931e-82,0.0,3.5e-323,0.0,0.003458498023715415
47600.0,2.828527853819578e-82,0.0,3.5e-323,0.0,0.003458498023715415
47700.0,2.82468615916569e-82,0.0,3.5e-323,0.0,0.003458498023715415
47800.0,2.820860079446449e-82,0.0,3.5e-323,0.0,0.003458498023715415
47900.0,2.817049509150816e-82,0.0,3.5e-323,0.0,0.003458498023715415
48000.0,2.813254343763278e-82,0.0,3.5e-323,0.0,0.003458498023715415
48100.0,2.809474479751828e-82,0.0,3.5e-323,0.0,0.003458498023715415
48200.0,2.8057098145560805e-82,0.0,3.5e-323,0.0,0.003458498023715415
48300.0,2.801960246575589e-82,0.0,3.5e-323,0.0,0.003458498023715415
48400.0,2.7982256751583166e-82,0.0,3.5e-323,0.0,0.003458498023715415
48500.0,2.794506000589284e-82,0.0,3.5e-323,0.0,0.003458498023715415
48600.0,2.790801124079384e-82,0.0,3.5e-323,0.0,0.003458498023715415
48700.0,2.7871109477543506e-82,0.0,3.5e-323,0.0,0.003458498023715415
48800.0,2.783435374643908e-82,0.0,3.5e-323,0.0,0.003458498023715415
48900.0,2.7797743086710456e-82,0.0,3.5e-323,0.0,0.003458498023715415
49000.0,2.7761276546414775e-82,0.0,3.5e-323,0.0,0.003458498023715415
49100.0,2.772495318233243e-82,0.0,3.5e-323,0.0,0.003458498023715415
49200.0,2.768877205986444e-82,0.0,3.5e-323,0.0,0.003458498023715415
49300.0,2.765273225293145e-82,0.0,3.5e-323,0.0,0.003458498023715415
49400.0,2.761683284387422e-82,0.0,3.5e-323,0.0,0.003458498023715415
49500.0,2.75810729233553e-82,0.0,3.5e-323,0.0,0.003458498023715415
49600.0,2.754545159026236e-82,0.0,3.5e-323,0.0,0.003458498023715415
49700.0,2.7509967951612675e-82,0.0,3.5e-323,0.0,0.003458498023715415
49800.0,2.7474621122459163e-82,0.0,3.5e-323,0.0,0.003458498023715415
49900.0,2.743941022579747e-82,0.0,3.5e-323,0.0,0.003458498023715415
50000.0,2.7404334392474916e-82,0.0,3.5e-323,0.0,0.003458498023715415
50100.0,2.736939276109982e-82,0.0,3.5e-323,0.0,0.003458498023715415
50200.0,2.7334584477953055e-82,0.0,3.5e-323,0.0,0.003458498023715415
50300.0,2.7299908696900214e-82,0.0,3.5e-323,0.0,0.003458498023715415
50400.0,2.72653645793051e-82,0.0,3.5e-323,0.0,0.003458498023715415
50500.0,2.723095129394465e-82,0.0,3.5e-323,0.0,0.003458498023715415
50600.0,2.719666801692494e-82,0.0,3.5e-323,0.0,0.003458498023715415
50700.0,2.716251393159805e-82,0.0,3.5e-323,0.0,0.003458498023715415
50800.0,2.7128488228480575e-82,0.0,3.5e-323,0.0,0.003458498023715415
50900.0,2.709459010517292e-82,0.0,3.5e-323,0.0,0.003458498023715415
51000.0,2.706081876627968e-82,0.0,3.5e-323,0.0,0.003458498023715415
51100.0,2.702717342333144e-82,0.0,3.5e-323,0.0,0.003458498023715415
51200.0,2.6993653294707286e-82,0.0,3.5e-323,0.0,0.003458498023715415
51300.0,2.696025760555841e-82,0.0,3.5e-323,0.0,0.003458498023715415
51400.0,2.692698558773314e-82,0.0,3.5e-323,0.0,0.003458498023715415
51500.0,2.6893836479702395e-82,0.0,3.5e-323,0.0,0.003458498023715415
51600.0,2.6860809526486655e-82,0.0,3.5e-323,0.0,0.003458498023715415
51700.0,2.682790397958363e-82,0.0,3.5e-323,0.0,0.003458498023715415
51800.0,2.6795119096896885e-82,0.0,3.5e-323,0.0,0.003458498023715415
51900.0,2.6762454142665676e-82,0.0,3.5e-323,0.0,0.003458498023715415
52000.0,2.6729908387395635e-82,0.0,3.5e-323,0.0,0.003458498023715415
52100.0,2.6697481107789956e-82,0.0,3.5e-323,0.0,0.003458498023715415
52200.0,2.66651715866823e-82,0.0,3.5e-323,0.0,0.003458498023715415
52300.0,2.663297911296979e-82,0.0,3.5e-323,0.0,0.003458498023715415
52400.0,2.6600902981547515e-82,0.0,3.5e-323,0.0,0.003458498023715415
52500.0,2.656894249324339e-82,0.0,3.5e-323,0.0,0.003458498023715415
52600.0,2.653709695475433e-82,0.0,3.5e-323,0.0,0.003458498023715415
52700.0,2.6505365678583006e-82,0.0,3.5e-323,0.0,0.003458498023715415
52800.0,2.647374798297537e-82,0.0,3.5e-323,0.0,0.003458498023715415
52900.0,2.644224319185929e-82,0.0,3.5e-323,0.0,0.003458498023715415
53000.0,2.6410850634783543e-82,0.0,3.5e-323,0.0,0.003458498023715415
53100.0,2.6379569646858244e-82,0.0,3.5e-323,0.0,0.003458498023715415
53200.0,2.634839956869533e-82,0.0,3.5e-323,0.0,0.003458498023715415
53300.0,2.6317339746350334e-82,0.0,3.5e-323,0.0,0.003458498023715415
53400.0,2.6286389531264634e-82,0.0,3.5e-323,0.0,0.003458498023715415
53500.0,2.6255548280208663e-82,0.0,3.5e-323,0.0,0.003458498023715415
53600.0,2.6224815355225677e-82,0.0,3.5e-323,0.0,0.003458498023715415
53700.0,2.6194190123576288e-82,0.0,3.5e-323,0.0,0.003458498023715415
53800.0,2.61636719576838e-82,0.0,3.5e-323,0.0,0.003458498023715415
53900.0,2.613326023508011e-82,0.0,3.5e-323,0.0,0.003458498023715415
54000.0,2.6102954338352375e-82,0.0,3.5e-323,0.0,0.003458498023715415
54100.0,2.6072753655090327e-82,0.0,3.5e-323,0.0,0.003458498023715415
54200.0,2.6042657577834323e-82,0.0,3.5e-323,0.0,0.003458498023715415
54300.0,2.6012665504023995e-82,0.0,3.5e-323,0.0,0.003458498023715415
54400.0,2.598277683594751e-82,0.0,3.5e-323,0.0,0.003458498023715415
54500.0,2.595299098069157e-82,0.0,3.5e-323,0.0,0.003458498023715415
54600.0,2.5923307350092004e-82,0.0,3.5e-323,0.0,0.003458498023715415
54700.0,2.5893725360684885e-82,0.0,3.5e-323,0.0,0.003458498023715415
54800.0,2.5864244433658466e-82,0.0,3.5e-323,0.0,0.003458498023715415
54900.0,2.5834863994805463e-82,0.0,3.5e-323,0.0,0.003458498023715415
55000.0,2.5805583474476176e-82,0.0,3.5e-323,0.0,0.003458498023715415
55100.0,2.5776402307531987e-82,0.0,3.5e-323,0.0,0.003458498023715415
55200.0,2.5747319933299625e-82,0.0,3.5e-323,0.0,0.003458498023715415
55300.0,2.5718335795525835e-82,0.0,3.5e-323,0.0,0.003458498023715415
55400.0,2.5689449342332675e-82,0.0,3.5e-323,0.0,0.003458498023715415
55500.0,2.5660660026173407e-82,0.0,3.5e-323,0.0,0.003458498023715415
55600.0,2.5631967303788864e-82,0.0,3.5e-323,0.0,0.003458498023715415
55700.0,2.5603370636164353e-82,0.0,3.5e-323,0.0,0.003458498023715415
55800.0,2.557486948848718e-82,0.0,3.5e-323,0.0,0.003458498023715415
55900.0,2.5546463330104529e-82,0.0,3.5e-323,0.0,0.003458498023715415
56000.0,2.5518151634482013e-82,0.0,3.5e-323,0.0,0.003458498023715415
56100.0,2.5489933879162664e-82,0.0,3.5e-323,0.0,0.003458498023715415
56200.0,2.54618095457264e-82,0.0,3.5e-323,0.0,0.003458498023715415
56300.0,2.5433778119750023e-82,0.0,3.5e-323,0.0,0.003458498023715415
56400.0,2.5405839090767685e-82,0.0,3.5e-323,0.0,0.003458498023715415
56500.0,2.5377991952231815e-82,0.0,3.5e-323,0.0,0.003458498023715415
56600.0,2.5350236201474538e-82,0.0,3.5e-323,0.0,0.003458498023715415
56700.0,2.5322571339669602e-82,0.0,3.5e-323,0.0,0.003458498023715415
56800.0,2.5294996871794575e-82,0.0,3.5e-323,0.0,0.003458498023715415
56900.0,2.5267512306593775e-82,0.0,3.5e-323,0.0,0.003458498023715415
57000.0,2.524011715654142e-82,0.0,3.5e-323,0.0,0.003458498023715415
57100.0,2.521281093780534e-82,0.0,3.5e-323,0.0,0.003458498023715415
57200.0,2.5185593170210986e-82,0.0,3.5e-323,0.0,0.003458498023715415
57300.0,2.5158463377206067e-82,0.0,3.5e-323,0.0,0.003458498023715415
57400.0,2.5131421085825397e-82,0.0,3.5e-323,0.0,0.003458498023715415
57500.0,2.5104465826656355e-82,0.0,3.5e-323,0.0,0.003458498023715415
57600.0,2.5077597133804507e-82,0.0,3.5e-323,0.0,0.003458498023715415
57700.0,2.5050814544859858e-82,0.0,3.5e-323,0.0,0.003458498023715415
57800.0,2.502411760086345e-82,0.0,3.5e-323,0.0,0.003458498023715415
57900.0,2.499750584627424e-82,0.0,3.5e-323,0.0,0.003458498023715415
58000.0,2.4970978828936518e-82,0.0,3.5e-323,0.0,0.003458498023715415
58100.0,2.494453610004755e-82,0.0,3.5e-323,0.0,0.003458498023715415
58200.0,2.4918177214125678e-82,0.0,3.5e-323,0.0,0.003458498023715415
58300.0,2.489190172897888e-82,0.0,3.5e-323,0.0,0.003458498023715415
58400.0,2.4865709205673514e-82,0.0,3.5e-323,0.0,0.003458498023715415
58500.0,2.4839599208503538e-82,0.0,3.5e-323,0.0,0.003458498023715415
58600.0,2.481357130496007e-82,0.0,3.5e-323,0.0,0.003458498023715415
58700.0,2.4787625065701233e-82,0.0,3.5e-323,0.0,0.003458498023715415
58800.0,2.4761760064522463e-82,0.0,3.5e-323,0.0,0.003458498023715415
58900.0,2.4735975878327088e-82,0.0,3.5e-323,0.0,0.003458498023715415
59000.0,2.471027208709718e-82,0.0,3.5e-323,0.0,0.003458498023715415
59100.0,2.4684648273864936e-82,0.0,3.5e-323,0.0,0.003458498023715415
59200.0,2.4659104024684082e-82,0.0,3.5e-323,0.0,0.003458498023715415
59300.0,2.463363892860195e-82,0.0,3.5e-323,0.0,0.003458498023715415
59400.0,2.4608252577631607e-82,0.0,3.5e-323,0.0,0.003458498023715415
59500.0,2.4582944566724404e-82,0.0,3.5e-323,0.0,0.003458498023715415
59600.0,2.4557714493742782e-82,0.0,3.5e-323,0.0,0.003458498023715415
59700.0,2.4532561959433533e-82,0.0,3.5e-323,0.0,0.003458498023715415
59800.0,2.4507486567401205e-82,0.0,3.5e-323,0.0,0.003458498023715415
59900.0,2.448248792408181e-82,0.0,3.5e-323,0.0,0.003458498023715415
60000.0,2.4457565638716883e-82,0.0,3.5e-323,0.0,0.003458498023715415
60100.0,2.4432719323327868e-82,0.0,3.5e-323,0.0,0.003458498023715415
60200.0,2.4407948592690682e-82,0.0,3.5e-323,0.0,0.003458498023715415
60300.0,2.4383253064310695e-82,0.0,3.5e-323,0.0,0.003458498023715415
60400.0,2.4358632358397834e-82,0.0,3.5e-323,0.0,0.003458498023715415
60500.0,2.4334086097842116e-82,0.0,3.5e-323,0.0,0.003458498023715415
60600.0,2.4309613908189332e-82,0.0,3.5e-323,0.0,0.003458498023715415
60700.0,2.4285215417617007e-82,0.0,3.5e-323,0.0,0.003458498023715415
60800.0,2.4260890256910818e-82,0.0,3.5e-323,0.0,0.003458498023715415
60900.0,2.4236638059440915e-82,0.0,3.5e-323,0.0,0.003458498023715415
61000.0,2.4212458461138844e-82,0.0,3.5e-323,0.0,0.003458498023715415
61100.0,2.4188351100474565e-82,0.0,3.5e-323,0.0,0.003458498023715415
61200.0,2.4164315618433708e-82,0.0,3.5e-323,0.0,0.003458498023715415
61300.0,2.4140351658495135e-82,0.0,3.5e-323,0.0,0.003458498023715415
61400.0,2.411645886660869e-82,0.0,3.5e-323,0.0,0.003458498023715415
61500.0,2.409263689117324e-82,0.0,3.5e-323,0.0,0.003458498023715415
61600.0,2.406888538301498e-82,0.0,3.5e-323,0.0,0.003458498023715415
61700.0,2.4045203995365826e-82,0.0,3.5e-323,0.0,0.003458498023715415
61800.0,2.4021592383842234e-82,0.0,3.5e-323,0.0,0.003458498023715415
61900.0,2.399805020642415e-82,0.0,3.5e-323,0.0,0.003458498023715415
62000.0,2.3974577123434153e-82,0.0,3.5e-323,0.0,0.003458498023715415
62100.0,2.395117279751689e-82,0.0,3.5e-323,0.0,0.003458498023715415
62200.0,2.3927836893618695e-82,0.0,3.5e-323,0.0,0.003458498023715415
62300.0,2.3904569078967457e-82,0.0,3.5e-323,0.0,0.003458498023715415
62400.0,2.3881369023052644e-82,0.0,3.5e-323,0.0,0.003458498023715415
62500.0,2.3858236397605614e-82,0.0,3.5e-323,0.0,0.003458498023715415
62600.0,2.3835170876580116e-82,0.0,3.5e-323,0.0,0.003458498023715415
62700.0,2.381217213613291e-82,0.0,3.5e-323,0.0,0.003458498023715415
62800.0,2.3789239854604723e-82,0.0,3.5e-323,0.0,0.003458498023715415
62900.0,2.3766373712501303e-82,0.0,3.5e-323,0.0,0.003458498023715415
63000.0,2.374357339247485e-82,0.0,3.5e-323,0.0,0.003458498023715415
63100.0,2.372083857930527e-82,0.0,3.5e-323,0.0,0.003458498023715415
63200.0,2.3698168959882108e-82,0.0,3.5e-323,0.0,0.003458498023715415
63300.0,2.3675564223186277e-82,0.0,3.5e-323,0.0,0.003458498023715415
63400.0,2.3653024060272198e-82,0.0,3.5e-323,0.0,0.003458498023715415
63500.0,2.363054816425003e-82,0.0,3.5e-323,0.0,0.003458498023715415
63600.0,2.3608136230268138e-82,0.0,3.5e-323,0.0,0.003458498023715415
63700.0,2.3585787955495703e-82,0.0,3.5e-323,0.0,0.003458498023715415
63800.0,2.356350303910553e-82,0.0,3.5e-323,0.0,0.003458498023715415
63900.0,2.3541281182257055e-82,0.0,3.5e-323,0.0,0.003458498023715415
64000.0,2.3519122088079492e-82,0.0,3.5e-323,0.0,0.003458498023715415
64100.0,2.3497025461655153e-82,0.0,3.5e-323,0.0,0.003458498023715415
64200.0,2.3474991010002994e-82,0.0,3.5e-323,0.0,0.003458498023715415
64300.0,2.3453018442062277e-82,0.0,3.5e-323,0.0,0.003458498023715415
64400.0,2.343110746867641e-82,0.0,3.5e-323,0.0,0.003458498023715415
64500.0,2.3409257802576955e-82,0.0,3.5e-323,0.0,0.003458498023715415
64600.0,2.3387469158367852e-82,0.0,3.5e-323,0.0,0.003458498023715415
64700.0,2.3365741252509702e-82,0.0,3.5e-323,0.0,0.003458498023715415
64800.0,2.334407380330425e-82,0.0,3.5e-323,0.0,0.003458498023715415
64900.0,2.3322466530879124e-82,0.0,3.5e-323,0.0,0.003458498023715415
65000.0,2.3300919157172564e-82,0.0,3.5e-323,0.0,0.003458498023715415
65100.0,2.3279431405918432e-82,0.0,3.5e-323,0.0,0.003458498023715415
65200.0,2.3258003002631332e-82,0.0,3.5e-323,0.0,0.003458498023715415
65300.0,2.3236633674591835e-82,0.0,3.5e-323,0.0,0.003458498023715415
65400.0,2.3215323150831952e-82,0.0,3.5e-323,0.0,0.003458498023715415
65500.0,2.3194071162120693e-82,0.0,3.5e-323,0.0,0.003458498023715415
65600.0,2.3172877440949683e-82,0.0,3.5e-323,0.0,0.003458498023715415
65700.0,2.315174172151918e-82,0.0,3.5e-323,0.0,0.003458498023715415
65800.0,2.3130663739723885e-82,0.0,3.5e-323,0.0,0.003458498023715415
65900.0,2.310964323313928e-82,0.0,3.5e-323,0.0,0.003458498023715415
66000.0,2.3088679941007722e-82,0.0,3.5e-323,0.0,0.003458498023715415
66100.0,2.3067773604224925e-82,0.0,3.5e-323,0.0,0.003458498023715415
66200.0,2.3046923965326523e-82,0.0,3.5e-323,0.0,0.003458498023715415
66300.0,2.302613076847472e-82,0.0,3.5e-323,0.0,0.003458498023715415
66400.0,2.300539375944511e-82,0.0,3.5e-323,0.0,0.003458498023715415
66500.0,2.2984712685613604e-82,0.0,3.5e-323,0.0,0.003458498023715415
66600.0,2.2964087295943546e-82,0.0,3.5e-323,0.0,0.003458498023715415
66700.0,2.2943517340972854e-82,0.0,3.5e-323,0.0,0.003458498023715415
66800.0,2.292300257280138e-82,0.0,3.5e-323,0.0,0.003458498023715415
66900.0,2.290254274507834e-82,0.0,3.5e-323,0.0,0.003458498023715415
67000.0,2.28821376129899e-82,0.0,3.5e-323,0.0,0.003458498023715415
67100.0,2.286178693324684e-82,0.0,3.5e-323,0.0,0.003458498023715415
67200.0,2.2841490464072408e-82,0.0,3.5e-323,0.0,0.003458498023715415
67300.0,2.2821247965190236e-82,0.0,3.5e-323,0.0,0.003458498023715415
67400.0,2.2801059197812374e-82,0.0,3.5e-323,0.0,0.003458498023715415
67500.0,2.2780923924627464e-82,0.0,3.5e-323,0.0,0.003458498023715415
67600.0,2.276084190978905e-82,0.0,3.5e-323,0.0,0.003458498023715415
67700.0,2.2740812918903903e-82,0.0,3.5e-323,0.0,0.003458498023715415
67800.0,2.272083671902061e-82,0.0,3.5e-323,0.0,0.003458498023715415
67900.0,2.2700913078618096e-82,0.0,3.5e-323,0.0,0.003458498023715415
68000.0,2.268104176759447e-82,0.0,3.5e-323,0.0,0.003458498023715415
68100.0,2.2661222557255744e-82,0.0,3.5e-323,0.0,0.003458498023715415
68200.0,2.2641455220304866e-82,0.0,3.5e-323,0.0,0.003458498023715415
68300.0,2.262173953083072e-82,0.0,3.5e-323,0.0,0.003458498023715415
68400.0,2.2602075264297245e-82,0.0,3.5e-323,0.0,0.003458498023715415
68500.0,2.25824621975328e-82,0.0,3.5e-323,0.0,0.003458498023715415
68600.0,2.2562900108719406e-82,0.0,3.5e-323,0.0,0.003458498023715415
68700.0,2.2543388777382296e-82,0.0,3.5e-323,0.0,0.003458498023715415
68800.0,2.252392798437937e-82,0.0,3.5e-323,0.0,0.003458498023715415
68900.0,2.2504517511890993e-82,0.0,3.5e-323,0.0,0.003458498023715415
69000.0,2.2485157143409668e-82,0.0,3.5e-323,0.0,0.003458498023715415
69100.0,2.246584666372989e-82,0.0,3.5e-323,0.0,0.003458498023715415
69200.0,2.2446585858938096e-82,0.0,3.5e-323,0.0,0.003458498023715415
69300.0,2.2427374516402738e-82,0.0,3.5e-323,0.0,0.003458498023715415
69400.0,2.2408212424764405e-82,0.0,3.5e-323,0.0,0.003458498023715415
69500.0,2.2389099373926017e-82,0.0,3.5e-323,0.0,0.003458498023715415
69600.0,2.237003515504325e-82,0.0,3.5e-323,0.0,0.003458498023715415
69700.0,2.235101956051483e-82,0.0,3.5e-323,0.0,0.003458498023715415
69800.0,2.2332052383973137e-82,0.0,3.5e-323,0.0,0.003458498023715415
69900.0,2.2313133420274666e-82,0.0,3.5e-323,0.0,0.003458498023715415
70000.0,2.229426246549086e-82,0.0,3.5e-323,0.0,0.003458498023715415
70100.0,2.2275439316898785e-82,0.0,3.5e-323,0.0,0.003458498023715415
70200.0,2.2256663772972003e-82,0.0,3.5e-323,0.0,0.003458498023715415
70300.0,2.223793563337145e-82,0.0,3.5e-323,0.0,0.003458498023715415
70400.0,2.221925469893654e-82,0.0,3.5e-323,0.0,0.003458498023715415
70500.0,2.2200620771676248e-82,0.0,3.5e-323,0.0,0.003458498023715415
70600.0,2.2182033654760256e-82,0.0,3.5e-323,0.0,0.003458498023715415
70700.0,2.2163493152510256e-82,0.0,3.5e-323,0.0,0.003458498023715415
70800.0,2.214499907039128e-82,0.0,3.5e-323,0.0,0.003458498023715415
70900.0,2.212655121500311e-82,0.0,3.5e-323,0.0,0.003458498023715415
71000.0,2.2108149394071782e-82,0.0,3.5e-323,0.0,0.003458498023715415
71100.0,2.2089793416441242e-82,0.0,3.5e-323,0.0,0.003458498023715415
71200.0,2.2071483092064876e-82,0.0,3.5e-323,0.0,0.003458498023715415
71300.0,2.205321823199736e-82,0.0,3.5e-323,0.0,0.003458498023715415
71400.0,2.2034998648386376e-82,0.0,3.5e-323,0.0,0.003458498023715415
71500.0,2.2016824154464603e-82,0.0,3.5e-323,0.0,0.003458498023715415
71600.0,2.1998694564541528e-82,0.0,3.5e-323,0.0,0.003458498023715415
71700.0,2.1980609693995593e-82,0.0,3.5e-323,0.0,0.003458498023715415
71800.0,2.196256935926628e-82,0.0,3.5e-323,0.0,0.003458498023715415
71900.0,2.19445733778462e-82,0.0,3.5e-323,0.0,0.003458498023715415
72000.0,2.192662156827348e-82,0.0,3.5e-323,0.0,0.003458498023715415
72100.0,2.1908713750123927e-82,0.0,3.5e-323,0.0,0.003458498023715415
72200.0,2.189084974400351e-82,0.0,3.5e-323,0.0,0.003458498023715415
72300.0,2.1873029371540793e-82,0.0,3.5e-323,0.0,0.003458498023715415
72400.0,2.185525245537941e-82,0.0,3.5e-323,0.0,0.003458498023715415
72500.0,2.1837518819170666e-82,0.0,3.5e-323,0.0,0.003458498023715415
72600.0,2.181982828756622e-82,0.0,3.5e-323,0.0,0.003458498023715415
72700.0,2.1802180686210782e-82,0.0,3.5e-323,0.0,0.003458498023715415
72800.0,2.1784575841734868e-82,0.0,3.5e-323,0.0,0.003458498023715415
72900.0,2.1767013581747686e-82,0.0,3.5e-323,0.0,0.003458498023715415
73000.0,2.174949373483003e-82,0.0,3.5e-323,0.0,0.003458498023715415
73100.0,2.1732016130527206e-82,0.0,3.5e-323,0.0,0.003458498023715415
73200.0,2.1714580599342138e-82,0.0,3.5e-323,0.0,0.003458498023715415
73300.0,2.1697186972728452e-82,0.0,3.5e-323,0.0,0.003458498023715415
73400.0,2.1679835083083543e-82,0.0,3.5e-323,0.0,0.003458498023715415
73500.0,2.166252476374187e-82,0.0,3.5e-323,0.0,0.003458498023715415
73600.0,2.1645255848968275e-82,0.0,3.5e-323,0.0,0.003458498023715415
73700.0,2.1628028173951185e-82,0.0,3.5e-323,0.0,0.003458498023715415
73800.0,2.1610841574796132e-82,0.0,3.5e-323,0.0,0.003458498023715415
73900.0,2.1593695888519098e-82,0.0,3.5e-323,0.0,0.003458498023715415
74000.0,2.1576590953040098e-82,0.0,3.5e-323,0.0,0.003458498023715415
74100.0,2.15595266071767e-82,0.0,3.5e-323,0.0,0.003458498023715415
74200.0,2.154250269063766e-82,0.0,3.5e-323,0.0,0.003458498023715415
74300.0,2.1525519044016603e-82,0.0,3.5e-323,0.0,0.003458498023715415
74400.0,2.1508575508785754e-82,0.0,3.5e-323,0.0,0.003458498023715415
74500.0,2.1491671927289672e-82,0.0,3.5e-323,0.0,0.003458498023715415
74600.0,2.1474808142739172e-82,0.0,3.5e-323,0.0,0.003458498023715415
74700.0,2.1457983999205144e-82,0.0,3.5e-323,0.0,0.003458498023715415
74800.0,2.1441199341612537e-82,0.0,3.5e-323,0.0,0.003458498023715415
74900.0,2.1424454015734328e-82,0.0,3.5e-323,0.0,0.003458498023715415
75000.0,2.1407747868185604e-82,0.0,3.5e-323,0.0,0.003458498023715415
75100.0,2.1391080746417596e-82,0.0,3.5e-323,0.0,0.003458498023715415
75200.0,2.1374452498711846e-82,0.0,3.5e-323,0.0,0.003458498023715415
75300.0,2.135786297417452e-82,0.0,3.5e-323,0.0,0.003458498023715415
75400.0,2.134131202273047e-82,0.0,3.5e-323,0.0,0.003458498023715415
75500.0,2.1324799495117664e-82,0.0,3.5e-323,0.0,0.003458498023715415
75600.0,2.1308325242881462e-82,0.0,3.5e-323,0.0,0.003458498023715415
75700.0,2.1291889118369062e-82,0.0,3.5e-323,0.0,0.003458498023715415
75800.0,2.1275490974723876e-82,0.0,3.5e-323,0.0,0.003458498023715415
75900.0,2.12591306658801e-82,0.0,3.5e-323,0.0,0.003458498023715415
76000.0,2.1242808046557164e-82,0.0,3.5e-323,0.0,0.003458498023715415
76100.0,2.1226522972254367e-82,0.0,3.5e-323,0.0,0.003458498023715415
76200.0,2.1210275299245484e-82,0.0,3.5e-323,0.0,0.003458498023715415
76300.0,2.119406488457343e-82,0.0,3.5e-323,0.0,0.003458498023715415
76400.0,2.117789158604498e-82,0.0,3.5e-323,0.0,0.003458498023715415
76500.0,2.116175526222556e-82,0.0,3.5e-323,0.0,0.003458498023715415
76600.0,2.1145655772434e-82,0.0,3.5e-323,0.0,0.003458498023715415
76700.0,2.112959297673741e-82,0.0,3.5e-323,0.0,0.003458498023715415
76800.0,2.1113566735946084e-82,0.0,3.5e-323,0.0,0.003458498023715415
76900.0,2.1097576911608383e-82,0.0,3.5e-323,0.0,0.003458498023715415
77000.0,2.1081623366005778e-82,0.0,3.5e-323,0.0,0.003458498023715415
77100.0,2.1065705962147787e-82,0.0,3.5e-323,0.0,0.003458498023715415
77200.0,2.104982456376713e-82,0.0,3.5e-323,0.0,0.003458498023715415
77300.0,2.1033979035314736e-82,0.0,3.5e-323,0.0,0.003458498023715415
77400.0,2.1018169241954932e-82,0.0,3.5e-323,0.0,0.003458498023715415
77500.0,2.1002395049560604e-82,0.0,3.5e-323,0.0,0.003458498023715415
77600.0,2.0986656324708454e-82,0.0,3.5e-323,0.0,0.003458498023715415
77700.0,2.097095293467419e-82,0.0,3.5e-323,0.0,0.003458498023715415
77800.0,2.0955284747427884e-82,0.0,3.5e-323,0.0,0.003458498023715415
77900.0,2.0939651631629313e-82,0.0,3.5e-323,0.0,0.003458498023715415
78000.0,2.0924053456623256e-82,0.0,3.5e-323,0.0,0.003458498023715415
78100.0,2.0908490092435008e-82,0.0,3.5e-323,0.0,0.003458498023715415
78200.0,2.0892961409765743e-82,0.0,3.5e-323,0.0,0.003458498023715415
78300.0,2.0877467279988063e-82,0.0,3.5e-323,0.0,0.003458498023715415
78400.0,2.0862007575141502e-82,0.0,3.5e-323,0.0,0.003458498023715415
78500.0,2.0846582167928048e-82,0.0,3.5e-323,0.0,0.003458498023715415
78600.0,2.0831190931707813e-82,0.0,3.5e-323,0.0,0.003458498023715415
78700.0,2.0815833740494623e-82,0.0,3.5e-323,0.0,0.003458498023715415
78800.0,2.0800510468951676e-82,0.0,3.5e-323,0.0,0.003458498023715415
78900.0,2.0785220992387256e-82,0.0,3.5e-323,0.0,0.003458498023715415
79000.0,2.0769965186750477e-82,0.0,3.5e-323,0.0,0.003458498023715415
79100.0,2.0754742928627045e-82,0.0,3.5e-323,0.0,0.003458498023715415
79200.0,2.0739554095235083e-82,0.0,3.5e-323,0.0,0.003458498023715415
79300.0,2.0724398564420932e-82,0.0,3.5e-323,0.0,0.003458498023715415
79400.0,2.0709276214655082e-82,0.0,3.5e-323,0.0,0.003458498023715415
79500.0,2.0694186925028e-82,0.0,3.5e-323,0.0,0.003458498023715415
79600.0,2.0679130575246156e-82,0.0,3.5e-323,0.0,0.003458498023715415
79700.0,2.066410704562793e-82,0.0,3.5e-323,0.0,0.003458498023715415
79800.0,2.0649116217099605e-82,0.0,3.5e-323,0.0,0.003458498023715415
79900.0,2.0634157971191493e-82,0.0,3.5e-323,0.0,0.003458498023715415
80000.0,2.0619232190033917e-82,0.0,3.5e-323,0.0,0.003458498023715415
80100.0,2.0604338756353313e-82,0.0,3.5e-323,0.0,0.003458498023715415
80200.0,2.058947755346839e-82,0.0,3.5e-323,0.0,0.003458498023715415
80300.0,2.0574648465286307e-82,0.0,3.5e-323,0.0,0.003458498023715415
80400.0,2.05598513762988e-82,0.0,3.5e-323,0.0,0.003458498023715415
80500.0,2.0545086171578453e-82,0.0,3.5e-323,0.0,0.003458498023715415
80600.0,2.0530352736774947e-82,0.0,3.5e-323,0.0,0.003458498023715415
80700.0,2.0515650958111293e-82,0.0,3.5e-323,0.0,0.003458498023715415
80800.0,2.0500980722380193e-82,0.0,3.5e-323,0.0,0.003458498023715415
80900.0,2.0486341916940367e-82,0.0,3.5e-323,0.0,0.003458498023715415
81000.0,2.0471734429712906e-82,0.0,3.5e-323,0.0,0.003458498023715415
81100.0,2.0457158149177643e-82,0.0,3.5e-323,0.0,0.003458498023715415
81200.0,2.0442612964369634e-82,0.0,3.5e-323,0.0,0.003458498023715415
81300.0,2.0428098764875583e-82,0.0,3.5e-323,0.0,0.003458498023715415
81400.0,2.0413615440830307e-82,0.0,3.5e-323,0.0,0.003458498023715415
81500.0,2.039916288291325e-82,0.0,3.5e-323,0.0,0.003458498023715415
81600.0,2.0384740982345036e-82,0.0,3.5e-323,0.0,0.003458498023715415
81700.0,2.037034963088399e-82,0.0,3.5e-323,0.0,0.003458498023715415
81800.0,2.035598872082277e-82,0.0,3.5e-323,0.0,0.003458498023715415
81900.0,2.0341658144984933e-82,0.0,3.5e-323,0.0,0.003458498023715415
82000.0,2.032735779672163e-82,0.0,3.5e-323,0.0,0.003458498023715415
82100.0,2.0313087569908224e-82,0.0,3.5e-323,0.0,0.003458498023715415
82200.0,2.0298847358940992e-82,0.0,3.5e-323,0.0,0.003458498023715415
82300.0,2.0284637058733887e-82,0.0,3.5e-323,0.0,0.003458498023715415
82400.0,2.0270456564715227e-82,0.0,3.5e-323,0.0,0.003458498023715415
82500.0,2.0256305772824428e-82,0.0,3.5e-323,0.0,0.003458498023715415
82600.0,2.0242184579508923e-82,0.0,3.5e-323,0.0,0.003458498023715415
82700.0,2.022809288172084e-82,0.0,3.5e-323,0.0,0.003458498023715415
82800.0,2.021403057691394e-82,0.0,3.5e-323,0.0,0.003458498023715415
82900.0,2.0199997563040437e-82,0.0,3.5e-323,0.0,0.003458498023715415
83000.0,2.0185993738547904e-82,0.0,3.5e-323,0.0,0.003458498023715415
83100.0,2.0172019002376168e-82,0.0,3.5e-323,0.0,0.003458498023715415
83200.0,2.0158073253954247e-82,0.0,3.5e-323,0.0,0.003458498023715415
83300.0,2.0144156393197334e-82,0.0,3.5e-323,0.0,0.003458498023715415
83400.0,2.013026832050376e-82,0.0,3.5e-323,0.0,0.003458498023715415
83500.0,2.0116408936752e-82,0.0,3.5e-323,0.0,0.003458498023715415
83600.0,2.010257814329772e-82,0.0,3.5e-323,0.0,0.003458498023715415
83700.0,2.008877584197079e-82,0.0,3.5e-323,0.0,0.003458498023715415
83800.0,2.007500193507239e-82,0.0,3.5e-323,0.0,0.003458498023715415
83900.0,2.0061256325372098e-82,0.0,3.5e-323,0.0,0.003458498023715415
84000.0,2.0047538916104976e-82,0.0,3.5e-323,0.0,0.003458498023715415
84100.0,2.0033849610968788e-82,0.0,3.5e-323,0.0,0.003458498023715415
84200.0,2.002018831412103e-82,0.0,3.5e-323,0.0,0.003458498023715415
84300.0,2.0006554930176276e-82,0.0,3.5e-323,0.0,0.003458498023715415
84400.0,1.999294936420322e-82,0.0,3.5e-323,0.0,0.003458498023715415
84500.0,1.997937152172198e-82,0.0,3.5e-323,0.0,0.003458498023715415
84600.0,1.9965821308701365e-82,0.0,3.5e-323,0.0,0.003458498023715415
84700.0,1.995229863155608e-82,0.0,3.5e-323,0.0,0.003458498023715415
84800.0,1.9938803397144048e-82,0.0,3.5e-323,0.0,0.003458498023715415
84900.0,1.992533551276369e-82,0.0,3.5e-323,0.0,0.003458498023715415
85000.0,1.9911894886151303e-82,0.0,3.5e-323,0.0,0.003458498023715415
85100.0,1.9898481425478307e-82,0.0,3.5e-323,0.0,0.003458498023715415
85200.0,1.9885095039348745e-82,0.0,3.5e-323,0.0,0.003458498023715415
85300.0,1.9871735636796488e-82,0.0,3.5e-323,0.0,0.003458498023715415
85400.0,1.985840312728284e-82,0.0,3.5e-323,0.0,0.003458498023715415
85500.0,1.98450974206938e-82,0.0,3.5e-323,0.0,0.003458498023715415
85600.0,1.983181842733756e-82,0.0,3.5e-323,0.0,0.003458498023715415
85700.0,1.9818566057942006e-82,0.0,3.5e-323,0.0,0.003458498023715415
85800.0,1.9805340223652133e-82,0.0,3.5e-323,0.0,0.003458498023715415
85900.0,1.9792140836027572e-82,0.0,3.5e-323,0.0,0.003458498023715415
86000.0,1.977896780704012e-82,0.0,3.5e-323,0.0,0.003458498023715415
86100.0,1.976582104907124e-82,0.0,3.5e-323,0.0,0.003458498023715415
86200.0,1.9752700474909607e-82,0.0,3.5e-323,0.0,0.003458498023715415
86300.0,1.9739605997748743e-82,0.0,3.5e-323,0.0,0.003458498023715415
86400.0,1.9726537531184536e-82,0.0,3.5e-323,0.0,0.003458498023715415
86500.0,1.9713494989212865e-82,0.0,3.5e-323,0.0,0.003458498023715415
86600.0,1.9700478286227238e-82,0.0,3.5e-323,0.0,0.003458498023715415
86700.0,1.9687487337016433e-82,0.0,3.5e-323,0.0,0.003458498023715415
86800.0,1.967452205676212e-82,0.0,3.5e-323,0.0,0.003458498023715415
86900.0,1.966158236103654e-82,0.0,3.5e-323,0.0,0.003458498023715415
87000.0,1.9648668165800217e-82,0.0,3.5e-323,0.0,0.003458498023715415
87100.0,1.9635779387399714e-82,0.0,3.5e-323,0.0,0.003458498023715415
87200.0,1.9622915942565276e-82,0.0,3.5e-323,0.0,0.003458498023715415
87300.0,1.9610077748408536e-82,0.0,3.5e-323,0.0,0.003458498023715415
87400.0,1.9597264722420413e-82,0.0,3.5e-323,0.0,0.003458498023715415
87500.0,1.9584476782468773e-82,0.0,3.5e-323,0.0,0.003458498023715415
87600.0,1.957171384679622e-82,0.0,3.5e-323,0.0,0.003458498023715415
87700.0,1.955897583401796e-82,0.0,3.5e-323,0.0,0.003458498023715415
87800.0,1.954626266311958e-82,0.0,3.5e-323,0.0,0.003458498023715415
87900.0,1.9533574253454892e-82,0.0,3.5e-323,0.0,0.003458498023715415
88000.0,1.952091052474378e-82,0.0,3.5e-323,0.0,0.003458498023715415
88100.0,1.9508271397070063e-82,0.0,3.5e-323,0.0,0.003458498023715415
88200.0,1.9495656790879393e-82,0.0,3.5e-323,0.0,0.003458498023715415
88300.0,1.9483066626977155e-82,0.0,3.5e-323,0.0,0.003458498023715415
88400.0,1.9470500826526348e-82,0.0,3.5e-323,0.0,0.003458498023715415
88500.0,1.9457959311045514e-82,0.0,3.5e-323,0.0,0.003458498023715415
88600.0,1.9445442002406722e-82,0.0,3.5e-323,0.0,0.003458498023715415
88700.0,1.943294882283349e-82,0.0,3.5e-323,0.0,0.003458498023715415
88800.0,1.9420479694898723e-82,0.0,3.5e-323,0.0,0.003458498023715415
88900.0,1.9408034541522788e-82,0.0,3.5e-323,0.0,0.003458498023715415
89000.0,1.939561328597141e-82,0.0,3.5e-323,0.0,0.003458498023715415
89100.0,1.9383215851853752e-82,0.0,3.5e-323,0.0,0.003458498023715415
89200.0,1.9370842163120425e-82,0.0,3.5e-323,0.0,0.003458498023715415
89300.0,1.935849214406152e-82,0.0,3.5e-323,0.0,0.003458498023715415
89400.0,1.9346165719304668e-82,0.0,3.5e-323,0.0,0.003458498023715415
89500.0,1.9333862813813094e-82,0.0,3.5e-323,0.0,0.003458498023715415
89600.0,1.9321583352883745e-82,0.0,3.5e-323,0.0,0.003458498023715415
89700.0,1.9309327262145304e-82,0.0,3.5e-323,0.0,0.003458498023715415
89800.0,1.9297094467556377e-82,0.0,3.5e-323,0.0,0.003458498023715415
89900.0,1.9284884895403566e-82,0.0,3.5e-323,0.0,0.003458498023715415
90000.0,1.9272698472299594e-82,0.0,3.5e-323,0.0,0.003458498023715415
90100.0,1.9260535125181538e-82,0.0,3.5e-323,0.0,0.003458498023715415
90200.0,1.9248394781308862e-82,0.0,3.5e-323,0.0,0.003458498023715415
90300.0,1.9236277368261703e-82,0.0,3.5e-323,0.0,0.003458498023715415
90400.0,1.9224182813938972e-82,0.0,3.5e-323,0.0,0.003458498023715415
90500.0,1.921211104655658e-82,0.0,3.5e-323,0.0,0.003458498023715415
90600.0,1.920006199464568e-82,0.0,3.5e-323,0.0,0.003458498023715415
90700.0,1.918803558705088e-82,0.0,3.5e-323,0.0,0.003458498023715415
90800.0,1.917603175292841e-82,0.0,3.5e-323,0.0,0.003458498023715415
90900.0,1.9164050421744494e-82,0.0,3.5e-323,0.0,0.003458498023715415
91000.0,1.9152091523273462e-82,0.0,3.5e-323,0.0,0.003458498023715415
91100.0,1.914015498759614e-82,0.0,3.5e-323,0.0,0.003458498023715415
91200.0,1.9128240745098055e-82,0.0,3.5e-323,0.0,0.003458498023715415
91300.0,1.9116348726467767e-82,0.0,3.5e-323,0.0,0.003458498023715415
91400.0,1.9104478862695206e-82,0.0,3.5e-323,0.0,0.003458498023715415
91500.0,1.9092631085069922e-82,0.0,3.5e-323,0.0,0.003458498023715415
91600.0,1.9080805325179446e-82,0.0,3.5e-323,0.0,0.003458498023715415
91700.0,1.906900151490763e-82,0.0,3.5e-323,0.0,0.003458498023715415
91800.0,1.9057219586433042e-82,0.0,3.5e-323,0.0,0.003458498023715415
91900.0,1.9045459472227228e-82,0.0,3.5e-323,0.0,0.003458498023715415
92000.0,1.903372110505313e-82,0.0,3.5e-323,0.0,0.003458498023715415
92100.0,1.9022004417963553e-82,0.0,3.5e-323,0.0,0.003458498023715415
92200.0,1.9010309344299474e-82,0.0,3.5e-323,0.0,0.003458498023715415
92300.0,1.8998635817688423e-82,0.0,3.5e-323,0.0,0.003458498023715415
92400.0,1.898698377204299e-82,0.0,3.5e-323,0.0,0.003458498023715415
92500.0,1.8975353141559216e-82,0.0,3.5e-323,0.0,0.003458498023715415
92600.0,1.8963743860714973e-82,0.0,3.5e-323,0.0,0.003458498023715415
92700.0,1.8952155864268515e-82,0.0,3.5e-323,0.0,0.003458498023715415
92800.0,1.8940589087256858e-82,0.0,3.5e-323,0.0,0.003458498023715415
92900.0,1.8929043464994298e-82,0.0,3.5e-323,0.0,0.003458498023715415
93000.0,1.891751893307087e-82,0.0,3.5e-323,0.0,0.003458498023715415
93100.0,1.8906015427350837e-82,0.0,3.5e-323,0.0,0.003458498023715415
93200.0,1.8894532883971187e-82,0.0,3.5e-323,0.0,0.003458498023715415
93300.0,1.8883071239340187e-82,0.0,3.5e-323,0.0,0.003458498023715415
93400.0,1.8871630430135818e-82,0.0,3.5e-323,0.0,0.003458498023715415
93500.0,1.8860210393304373e-82,0.0,3.5e-323,0.0,0.003458498023715415
93600.0,1.8848811066059012e-82,0.0,3.5e-323,0.0,0.003458498023715415
93700.0,1.8837432385878237e-82,0.0,3.5e-323,0.0,0.003458498023715415
93800.0,1.8826074290504502e-82,0.0,3.5e-323,0.0,0.003458498023715415
93900.0,1.881473671794283e-82,0.0,3.5e-323,0.0,0.003458498023715415
94000.0,1.8803419606459253e-82,0.0,3.5e-323,0.0,0.003458498023715415
94100.0,1.8792122894579523e-82,0.0,3.5e-323,0.0,0.003458498023715415
94200.0,1.8780846521087673e-82,0.0,3.5e-323,0.0,0.003458498023715415
94300.0,1.876959042502462e-82,0.0,3.5e-323,0.0,0.003458498023715415
94400.0,1.8758354545686772e-82,0.0,3.5e-323,0.0,0.003458498023715415
94500.0,1.8747138822624658e-82,0.0,3.5e-323,0.0,0.003458498023715415
94600.0,1.8735943195641564e-82,0.0,3.5e-323,0.0,0.003458498023715415
94700.0,1.8724767604792167e-82,0.0,3.5e-323,0.0,0.003458498023715415
94800.0,1.8713611990381218e-82,0.0,3.5e-323,0.0,0.003458498023715415
94900.0,1.8702476292962197e-82,0.0,3.5e-323,0.0,0.003458498023715415
95000.0,1.8691360453335907e-82,0.0,3.5e-323,0.0,0.003458498023715415
95100.0,1.8680264412549258e-82,0.0,3.5e-323,0.0,0.003458498023715415
95200.0,1.8669188111893897e-82,0.0,3.5e-323,0.0,0.003458498023715415
95300.0,1.865813149290491e-82,0.0,3.5e-323,0.0,0.003458498023715415
95400.0,1.8647094497359518e-82,0.0,3.5e-323,0.0,0.003458498023715415
95500.0,1.8636077067275814e-82,0.0,3.5e-323,0.0,0.003458498023715415
95600.0,1.8625079144911433e-82,0.0,3.5e-323,0.0,0.003458498023715415
95700.0,1.861410067276238e-82,0.0,3.5e-323,0.0,0.003458498023715415
95800.0,1.860314159356167e-82,0.0,3.5e-323,0.0,0.003458498023715415
95900.0,1.859220185027808e-82,0.0,3.5e-323,0.0,0.003458498023715415
96000.0,1.8581281386114976e-82,0.0,3.5e-323,0.0,0.003458498023715415
96100.0,1.8570380144508976e-82,0.0,3.5e-323,0.0,0.003458498023715415
96200.0,1.8559498069128813e-82,0.0,3.5e-323,0.0,0.003458498023715415
96300.0,1.8548635103874024e-82,0.0,3.5e-323,0.0,0.003458498023715415
96400.0,1.8537791192873848e-82,0.0,3.5e-323,0.0,0.003458498023715415
96500.0,1.8526966280485888e-82,0.0,3.5e-323,0.0,0.003458498023715415
96600.0,1.8516160311294996e-82,0.0,3.5e-323,0.0,0.003458498023715415
96700.0,1.850537323011208e-82,0.0,3.5e-323,0.0,0.003458498023715415
96800.0,1.8494604981972857e-82,0.0,3.5e-323,0.0,0.003458498023715415
96900.0,1.8483855512136767e-82,0.0,3.5e-323,0.0,0.003458498023715415
97000.0,1.8473124766085712e-82,0.0,3.5e-323,0.0,0.003458498023715415
97100.0,1.8462412689522998e-82,0.0,3.5e-323,0.0,0.003458498023715415
97200.0,1.8451719228372034e-82,0.0,3.5e-323,0.0,0.003458498023715415
97300.0,1.8441044328775347e-82,0.0,3.5e-323,0.0,0.003458498023715415
97400.0,1.8430387937093346e-82,0.0,3.5e-323,0.0,0.003458498023715415
97500.0,1.8419749999903185e-82,0.0,3.5e-323,0.0,0.003458498023715415
97600.0,1.8409130463997732e-82,0.0,3.5e-323,0.0,0.003458498023715415
97700.0,1.8398529276384312e-82,0.0,3.5e-323,0.0,0.003458498023715415
97800.0,1.8387946384283703e-82,0.0,3.5e-323,0.0,0.003458498023715415
97900.0,1.8377381735128988e-82,0.0,3.5e-323,0.0,0.003458498023715415
98000.0,1.8366835276564484e-82,0.0,3.5e-323,0.0,0.003458498023715415
98100.0,1.8356306956444628e-82,0.0,3.5e-323,0.0,0.003458498023715415
98200.0,1.8345796722832895e-82,0.0,3.5e-323,0.0,0.003458498023715415
98300.0,1.8335304524000687e-82,0.0,3.5e-323,0.0,0.003458498023715415
98400.0,1.8324830308426394e-82,0.0,3.5e-323,0.0,0.003458498023715415
98500.0,1.831437402479419e-82,0.0,3.5e-323,0.0,0.003458498023715415
98600.0,1.8303935621993038e-82,0.0,3.5e-323,0.0,0.003458498023715415
98700.0,1.8293515049115612e-82,0.0,3.5e-323,0.0,0.003458498023715415
98800.0,1.8283112255457275e-82,0.0,3.5e-323,0.0,0.003458498023715415
98900.0,1.8272727190515086e-82,0.0,3.5e-323,0.0,0.003458498023715415
99000.0,1.8262359803986668e-82,0.0,3.5e-323,0.0,0.003458498023715415
99100.0,1.825201004576928e-82,0.0,3.5e-323,0.0,0.003458498023715415
99200.0,1.824167786595874e-82,0.0,3.5e-323,0.0,0.003458498023715415
99300.0,1.8231363214848465e-82,0.0,3.5e-323,0.0,0.003458498023715415
99400.0,1.8221066042928395e-82,0.0,3.5e-323,0.0,0.003458498023715415
99500.0,1.821078630088404e-82,0.0,3.5e-323,0.0,0.003458498023715415
99600.0,1.8200523939595543e-82,0.0,3.5e-323,0.0,0.003458498023715415
99700.0,1.8190278910136562e-82,0.0,3.5e-323,0.0,0.003458498023715415
99800.0,1.818005116377343e-82,0.0,3.5e-323,0.0,0.003458498023715415
99900.0,1.816984065196402e-82,0.0,3.5e-323,0.0,0.003458498023715415
100000.0,1.8159647326356977e-82,0.0,3.5e-323,0.0,0.003458498023715415
